date,sku_id,units_sold
2022-01-01,MBA13,255
2022-01-02,MBA13,233
2022-01-03,MBA13,286
2022-01-04,MBA13,286
2022-01-05,MBA13,552
2022-01-06,MBA13,320
2022-01-07,MBA13,274
2022-01-08,MBA13,220
2022-01-09,MBA13,150
2022-01-10,MBA13,326
2022-01-11,MBA13,280
2022-01-12,MBA13,269
2022-01-13,MBA13,273
2022-01-14,MBA13,314
2022-01-15,MBA13,242
2022-01-16,MBA13,221
2022-01-17,MBA13,274
2022-01-18,MBA13,326
2022-01-19,MBA13,260
2022-01-20,MBA13,454
2022-01-21,MBA13,322
2022-01-22,MBA13,197
2022-01-23,MBA13,193
2022-01-24,MBA13,301
2022-01-25,MBA13,319
2022-01-26,MBA13,300
2022-01-27,MBA13,290
2022-01-28,MBA13,284
2022-01-29,MBA13,223
2022-01-30,MBA13,274
2022-01-31,MBA13,305
2022-02-01,MBA13,149
2022-02-02,MBA13,314
2022-02-03,MBA13,324
2022-02-04,MBA13,287
2022-02-05,MBA13,217
2022-02-06,MBA13,187
2022-02-07,MBA13,331
2022-02-08,MBA13,334
2022-02-09,MBA13,264
2022-02-10,MBA13,259
2022-02-11,MBA13,291
2022-02-12,MBA13,288
2022-02-13,MBA13,249
2022-02-14,MBA13,281
2022-02-15,MBA13,435
2022-02-16,MBA13,297
2022-02-17,MBA13,227
2022-02-18,MBA13,344
2022-02-19,MBA13,221
2022-02-20,MBA13,211
2022-02-21,MBA13,277
2022-02-22,MBA13,325
2022-02-23,MBA13,305
2022-02-24,MBA13,297
2022-02-25,MBA13,327
2022-02-26,MBA13,214
2022-02-27,MBA13,227
2022-02-28,MBA13,442
2022-03-01,MBA13,303
2022-03-02,MBA13,281
2022-03-03,MBA13,284
2022-03-04,MBA13,301
2022-03-05,MBA13,170
2022-03-06,MBA13,237
2022-03-07,MBA13,238
2022-03-08,MBA13,297
2022-03-09,MBA13,279
2022-03-10,MBA13,310
2022-03-11,MBA13,285
2022-03-12,MBA13,249
2022-03-13,MBA13,238
2022-03-14,MBA13,268
2022-03-15,MBA13,320
2022-03-16,MBA13,341
2022-03-17,MBA13,341
2022-03-18,MBA13,277
2022-03-19,MBA13,397
2022-03-20,MBA13,186
2022-03-21,MBA13,296
2022-03-22,MBA13,263
2022-03-23,MBA13,346
2022-03-24,MBA13,268
2022-03-25,MBA13,283
2022-03-26,MBA13,265
2022-03-27,MBA13,197
2022-03-28,MBA13,240
2022-03-29,MBA13,300
2022-03-30,MBA13,303
2022-03-31,MBA13,320
2022-04-01,MBA13,312
2022-04-02,MBA13,248
2022-04-03,MBA13,215
2022-04-04,MBA13,302
2022-04-05,MBA13,410
2022-04-06,MBA13,270
2022-04-07,MBA13,329
2022-04-08,MBA13,339
2022-04-09,MBA13,213
2022-04-10,MBA13,200
2022-04-11,MBA13,308
2022-04-12,MBA13,326
2022-04-13,MBA13,248
2022-04-14,MBA13,112
2022-04-15,MBA13,303
2022-04-16,MBA13,266
2022-04-17,MBA13,229
2022-04-18,MBA13,385
2022-04-19,MBA13,258
2022-04-20,MBA13,310
2022-04-21,MBA13,452
2022-04-22,MBA13,318
2022-04-23,MBA13,223
2022-04-24,MBA13,264
2022-04-25,MBA13,263
2022-04-26,MBA13,277
2022-04-27,MBA13,315
2022-04-28,MBA13,353
2022-04-29,MBA13,330
2022-04-30,MBA13,240
2022-05-01,MBA13,206
2022-05-02,MBA13,340
2022-05-03,MBA13,304
2022-05-04,MBA13,303
2022-05-05,MBA13,342
2022-05-06,MBA13,294
2022-05-07,MBA13,246
2022-05-08,MBA13,244
2022-05-09,MBA13,431
2022-05-10,MBA13,265
2022-05-11,MBA13,416
2022-05-12,MBA13,240
2022-05-13,MBA13,264
2022-05-14,MBA13,227
2022-05-15,MBA13,256
2022-05-16,MBA13,251
2022-05-17,MBA13,374
2022-05-18,MBA13,356
2022-05-19,MBA13,295
2022-05-20,MBA13,309
2022-05-21,MBA13,223
2022-05-22,MBA13,289
2022-05-23,MBA13,311
2022-05-24,MBA13,323
2022-05-25,MBA13,278
2022-05-26,MBA13,272
2022-05-27,MBA13,252
2022-05-28,MBA13,269
2022-05-29,MBA13,309
2022-05-30,MBA13,329
2022-05-31,MBA13,449
2022-06-01,MBA13,355
2022-06-02,MBA13,309
2022-06-03,MBA13,320
2022-06-04,MBA13,129
2022-06-05,MBA13,204
2022-06-06,MBA13,349
2022-06-07,MBA13,347
2022-06-08,MBA13,296
2022-06-09,MBA13,373
2022-06-10,MBA13,287
2022-06-11,MBA13,240
2022-06-12,MBA13,174
2022-06-13,MBA13,337
2022-06-14,MBA13,317
2022-06-15,MBA13,296
2022-06-16,MBA13,278
2022-06-17,MBA13,301
2022-06-18,MBA13,217
2022-06-19,MBA13,226
2022-06-20,MBA13,306
2022-06-21,MBA13,314
2022-06-22,MBA13,313
2022-06-23,MBA13,114
2022-06-24,MBA13,337
2022-06-25,MBA13,218
2022-06-26,MBA13,231
2022-06-27,MBA13,331
2022-06-28,MBA13,338
2022-06-29,MBA13,295
2022-06-30,MBA13,305
2022-07-01,MBA13,290
2022-07-02,MBA13,211
2022-07-03,MBA13,308
2022-07-04,MBA13,333
2022-07-05,MBA13,321
2022-07-06,MBA13,294
2022-07-07,MBA13,264
2022-07-08,MBA13,327
2022-07-09,MBA13,233
2022-07-10,MBA13,252
2022-07-11,MBA13,275
2022-07-12,MBA13,302
2022-07-13,MBA13,277
2022-07-14,MBA13,278
2022-07-15,MBA13,124
2022-07-16,MBA13,277
2022-07-17,MBA13,117
2022-07-18,MBA13,270
2022-07-19,MBA13,287
2022-07-20,MBA13,323
2022-07-21,MBA13,289
2022-07-22,MBA13,293
2022-07-23,MBA13,228
2022-07-24,MBA13,249
2022-07-25,MBA13,266
2022-07-26,MBA13,290
2022-07-27,MBA13,307
2022-07-28,MBA13,302
2022-07-29,MBA13,294
2022-07-30,MBA13,239
2022-07-31,MBA13,255
2022-08-01,MBA13,469
2022-08-02,MBA13,371
2022-08-03,MBA13,470
2022-08-04,MBA13,370
2022-08-05,MBA13,326
2022-08-06,MBA13,304
2022-08-07,MBA13,333
2022-08-08,MBA13,460
2022-08-09,MBA13,367
2022-08-10,MBA13,413
2022-08-11,MBA13,353
2022-08-12,MBA13,458
2022-08-13,MBA13,125
2022-08-14,MBA13,306
2022-08-15,MBA13,408
2022-08-16,MBA13,394
2022-08-17,MBA13,315
2022-08-18,MBA13,367
2022-08-19,MBA13,243
2022-08-20,MBA13,331
2022-08-21,MBA13,306
2022-08-22,MBA13,418
2022-08-23,MBA13,401
2022-08-24,MBA13,414
2022-08-25,MBA13,345
2022-08-26,MBA13,440
2022-08-27,MBA13,373
2022-08-28,MBA13,325
2022-08-29,MBA13,466
2022-08-30,MBA13,456
2022-08-31,MBA13,419
2022-09-01,MBA13,443
2022-09-02,MBA13,432
2022-09-03,MBA13,262
2022-09-04,MBA13,312
2022-09-05,MBA13,421
2022-09-06,MBA13,452
2022-09-07,MBA13,351
2022-09-08,MBA13,340
2022-09-09,MBA13,177
2022-09-10,MBA13,359
2022-09-11,MBA13,273
2022-09-12,MBA13,360
2022-09-13,MBA13,413
2022-09-14,MBA13,466
2022-09-15,MBA13,386
2022-09-16,MBA13,369
2022-09-17,MBA13,303
2022-09-18,MBA13,273
2022-09-19,MBA13,390
2022-09-20,MBA13,393
2022-09-21,MBA13,398
2022-09-22,MBA13,426
2022-09-23,MBA13,376
2022-09-24,MBA13,303
2022-09-25,MBA13,280
2022-09-26,MBA13,376
2022-09-27,MBA13,445
2022-09-28,MBA13,416
2022-09-29,MBA13,407
2022-09-30,MBA13,393
2022-10-01,MBA13,206
2022-10-02,MBA13,297
2022-10-03,MBA13,246
2022-10-04,MBA13,268
2022-10-05,MBA13,282
2022-10-06,MBA13,329
2022-10-07,MBA13,316
2022-10-08,MBA13,318
2022-10-09,MBA13,272
2022-10-10,MBA13,281
2022-10-11,MBA13,272
2022-10-12,MBA13,111
2022-10-13,MBA13,326
2022-10-14,MBA13,272
2022-10-15,MBA13,222
2022-10-16,MBA13,240
2022-10-17,MBA13,89
2022-10-18,MBA13,307
2022-10-19,MBA13,291
2022-10-20,MBA13,270
2022-10-21,MBA13,276
2022-10-22,MBA13,307
2022-10-23,MBA13,292
2022-10-24,MBA13,275
2022-10-25,MBA13,260
2022-10-26,MBA13,279
2022-10-27,MBA13,284
2022-10-28,MBA13,256
2022-10-29,MBA13,247
2022-10-30,MBA13,233
2022-10-31,MBA13,280
2022-11-01,MBA13,406
2022-11-02,MBA13,452
2022-11-03,MBA13,402
2022-11-04,MBA13,508
2022-11-05,MBA13,351
2022-11-06,MBA13,348
2022-11-07,MBA13,443
2022-11-08,MBA13,479
2022-11-09,MBA13,406
2022-11-10,MBA13,446
2022-11-11,MBA13,445
2022-11-12,MBA13,380
2022-11-13,MBA13,336
2022-11-14,MBA13,458
2022-11-15,MBA13,404
2022-11-16,MBA13,351
2022-11-17,MBA13,373
2022-11-18,MBA13,427
2022-11-19,MBA13,375
2022-11-20,MBA13,348
2022-11-21,MBA13,432
2022-11-22,MBA13,445
2022-11-23,MBA13,443
2022-11-24,MBA13,468
2022-11-25,MBA13,410
2022-11-26,MBA13,359
2022-11-27,MBA13,396
2022-11-28,MBA13,440
2022-11-29,MBA13,470
2022-11-30,MBA13,411
2022-12-01,MBA13,459
2022-12-02,MBA13,459
2022-12-03,MBA13,290
2022-12-04,MBA13,355
2022-12-05,MBA13,432
2022-12-06,MBA13,454
2022-12-07,MBA13,432
2022-12-08,MBA13,804
2022-12-09,MBA13,430
2022-12-10,MBA13,369
2022-12-11,MBA13,319
2022-12-12,MBA13,442
2022-12-13,MBA13,480
2022-12-14,MBA13,409
2022-12-15,MBA13,217
2022-12-16,MBA13,422
2022-12-17,MBA13,430
2022-12-18,MBA13,363
2022-12-19,MBA13,647
2022-12-20,MBA13,407
2022-12-21,MBA13,454
2022-12-22,MBA13,429
2022-12-23,MBA13,415
2022-12-24,MBA13,401
2022-12-25,MBA13,337
2022-12-26,MBA13,417
2022-12-27,MBA13,419
2022-12-28,MBA13,450
2022-12-29,MBA13,417
2022-12-30,MBA13,175
2022-12-31,MBA13,322
2023-01-01,MBA13,250
2023-01-02,MBA13,299
2023-01-03,MBA13,444
2023-01-04,MBA13,279
2023-01-05,MBA13,306
2023-01-06,MBA13,214
2023-01-07,MBA13,282
2023-01-08,MBA13,234
2023-01-09,MBA13,290
2023-01-10,MBA13,256
2023-01-11,MBA13,277
2023-01-12,MBA13,457
2023-01-13,MBA13,346
2023-01-14,MBA13,248
2023-01-15,MBA13,241
2023-01-16,MBA13,291
2023-01-17,MBA13,295
2023-01-18,MBA13,311
2023-01-19,MBA13,311
2023-01-20,MBA13,281
2023-01-21,MBA13,283
2023-01-22,MBA13,256
2023-01-23,MBA13,261
2023-01-24,MBA13,285
2023-01-25,MBA13,338
2023-01-26,MBA13,251
2023-01-27,MBA13,323
2023-01-28,MBA13,175
2023-01-29,MBA13,302
2023-01-30,MBA13,285
2023-01-31,MBA13,316
2023-02-01,MBA13,307
2023-02-02,MBA13,425
2023-02-03,MBA13,375
2023-02-04,MBA13,268
2023-02-05,MBA13,202
2023-02-06,MBA13,482
2023-02-07,MBA13,309
2023-02-08,MBA13,270
2023-02-09,MBA13,337
2023-02-10,MBA13,427
2023-02-11,MBA13,300
2023-02-12,MBA13,298
2023-02-13,MBA13,298
2023-02-14,MBA13,330
2023-02-15,MBA13,291
2023-02-16,MBA13,309
2023-02-17,MBA13,252
2023-02-18,MBA13,218
2023-02-19,MBA13,264
2023-02-20,MBA13,244
2023-02-21,MBA13,306
2023-02-22,MBA13,426
2023-02-23,MBA13,283
2023-02-24,MBA13,307
2023-02-25,MBA13,284
2023-02-26,MBA13,222
2023-02-27,MBA13,302
2023-02-28,MBA13,362
2023-03-01,MBA13,327
2023-03-02,MBA13,284
2023-03-03,MBA13,324
2023-03-04,MBA13,192
2023-03-05,MBA13,243
2023-03-06,MBA13,324
2023-03-07,MBA13,316
2023-03-08,MBA13,323
2023-03-09,MBA13,331
2023-03-10,MBA13,318
2023-03-11,MBA13,260
2023-03-12,MBA13,252
2023-03-13,MBA13,266
2023-03-14,MBA13,197
2023-03-15,MBA13,341
2023-03-16,MBA13,300
2023-03-17,MBA13,256
2023-03-18,MBA13,262
2023-03-19,MBA13,210
2023-03-20,MBA13,346
2023-03-21,MBA13,317
2023-03-22,MBA13,238
2023-03-23,MBA13,332
2023-03-24,MBA13,312
2023-03-25,MBA13,269
2023-03-26,MBA13,100
2023-03-27,MBA13,285
2023-03-28,MBA13,350
2023-03-29,MBA13,288
2023-03-30,MBA13,352
2023-03-31,MBA13,289
2023-04-01,MBA13,236
2023-04-02,MBA13,276
2023-04-03,MBA13,119
2023-04-04,MBA13,355
2023-04-05,MBA13,269
2023-04-06,MBA13,336
2023-04-07,MBA13,296
2023-04-08,MBA13,77
2023-04-09,MBA13,258
2023-04-10,MBA13,342
2023-04-11,MBA13,357
2023-04-12,MBA13,285
2023-04-13,MBA13,283
2023-04-14,MBA13,286
2023-04-15,MBA13,239
2023-04-16,MBA13,233
2023-04-17,MBA13,263
2023-04-18,MBA13,314
2023-04-19,MBA13,290
2023-04-20,MBA13,382
2023-04-21,MBA13,334
2023-04-22,MBA13,233
2023-04-23,MBA13,265
2023-04-24,MBA13,321
2023-04-25,MBA13,339
2023-04-26,MBA13,244
2023-04-27,MBA13,261
2023-04-28,MBA13,275
2023-04-29,MBA13,245
2023-04-30,MBA13,128
2023-05-01,MBA13,274
2023-05-02,MBA13,347
2023-05-03,MBA13,265
2023-05-04,MBA13,311
2023-05-05,MBA13,313
2023-05-06,MBA13,259
2023-05-07,MBA13,269
2023-05-08,MBA13,337
2023-05-09,MBA13,354
2023-05-10,MBA13,290
2023-05-11,MBA13,275
2023-05-12,MBA13,317
2023-05-13,MBA13,358
2023-05-14,MBA13,252
2023-05-15,MBA13,304
2023-05-16,MBA13,325
2023-05-17,MBA13,376
2023-05-18,MBA13,311
2023-05-19,MBA13,356
2023-05-20,MBA13,266
2023-05-21,MBA13,251
2023-05-22,MBA13,288
2023-05-23,MBA13,309
2023-05-24,MBA13,307
2023-05-25,MBA13,279
2023-05-26,MBA13,284
2023-05-27,MBA13,337
2023-05-28,MBA13,241
2023-05-29,MBA13,234
2023-05-30,MBA13,105
2023-05-31,MBA13,289
2023-06-01,MBA13,318
2023-06-02,MBA13,286
2023-06-03,MBA13,253
2023-06-04,MBA13,226
2023-06-05,MBA13,325
2023-06-06,MBA13,299
2023-06-07,MBA13,106
2023-06-08,MBA13,280
2023-06-09,MBA13,417
2023-06-10,MBA13,223
2023-06-11,MBA13,242
2023-06-12,MBA13,340
2023-06-13,MBA13,314
2023-06-14,MBA13,318
2023-06-15,MBA13,324
2023-06-16,MBA13,548
2023-06-17,MBA13,287
2023-06-18,MBA13,262
2023-06-19,MBA13,315
2023-06-20,MBA13,277
2023-06-21,MBA13,278
2023-06-22,MBA13,302
2023-06-23,MBA13,281
2023-06-24,MBA13,368
2023-06-25,MBA13,230
2023-06-26,MBA13,221
2023-06-27,MBA13,329
2023-06-28,MBA13,458
2023-06-29,MBA13,101
2023-06-30,MBA13,289
2023-07-01,MBA13,296
2023-07-02,MBA13,384
2023-07-03,MBA13,273
2023-07-04,MBA13,402
2023-07-05,MBA13,269
2023-07-06,MBA13,293
2023-07-07,MBA13,284
2023-07-08,MBA13,264
2023-07-09,MBA13,462
2023-07-10,MBA13,334
2023-07-11,MBA13,364
2023-07-12,MBA13,315
2023-07-13,MBA13,283
2023-07-14,MBA13,339
2023-07-15,MBA13,249
2023-07-16,MBA13,277
2023-07-17,MBA13,316
2023-07-18,MBA13,376
2023-07-19,MBA13,268
2023-07-20,MBA13,285
2023-07-21,MBA13,402
2023-07-22,MBA13,242
2023-07-23,MBA13,207
2023-07-24,MBA13,322
2023-07-25,MBA13,339
2023-07-26,MBA13,299
2023-07-27,MBA13,240
2023-07-28,MBA13,85
2023-07-29,MBA13,253
2023-07-30,MBA13,280
2023-07-31,MBA13,339
2023-08-01,MBA13,408
2023-08-02,MBA13,431
2023-08-03,MBA13,356
2023-08-04,MBA13,458
2023-08-05,MBA13,377
2023-08-06,MBA13,348
2023-08-07,MBA13,418
2023-08-08,MBA13,408
2023-08-09,MBA13,448
2023-08-10,MBA13,435
2023-08-11,MBA13,313
2023-08-12,MBA13,319
2023-08-13,MBA13,293
2023-08-14,MBA13,365
2023-08-15,MBA13,448
2023-08-16,MBA13,407
2023-08-17,MBA13,425
2023-08-18,MBA13,411
2023-08-19,MBA13,288
2023-08-20,MBA13,279
2023-08-21,MBA13,394
2023-08-22,MBA13,604
2023-08-23,MBA13,397
2023-08-24,MBA13,450
2023-08-25,MBA13,406
2023-08-26,MBA13,321
2023-08-27,MBA13,344
2023-08-28,MBA13,410
2023-08-29,MBA13,516
2023-08-30,MBA13,433
2023-08-31,MBA13,406
2023-09-01,MBA13,440
2023-09-02,MBA13,343
2023-09-03,MBA13,401
2023-09-04,MBA13,563
2023-09-05,MBA13,377
2023-09-06,MBA13,430
2023-09-07,MBA13,418
2023-09-08,MBA13,387
2023-09-09,MBA13,349
2023-09-10,MBA13,300
2023-09-11,MBA13,408
2023-09-12,MBA13,476
2023-09-13,MBA13,394
2023-09-14,MBA13,411
2023-09-15,MBA13,373
2023-09-16,MBA13,353
2023-09-17,MBA13,305
2023-09-18,MBA13,132
2023-09-19,MBA13,407
2023-09-20,MBA13,420
2023-09-21,MBA13,463
2023-09-22,MBA13,424
2023-09-23,MBA13,371
2023-09-24,MBA13,290
2023-09-25,MBA13,399
2023-09-26,MBA13,455
2023-09-27,MBA13,403
2023-09-28,MBA13,409
2023-09-29,MBA13,462
2023-09-30,MBA13,302
2023-10-01,MBA13,224
2023-10-02,MBA13,258
2023-10-03,MBA13,358
2023-10-04,MBA13,337
2023-10-05,MBA13,336
2023-10-06,MBA13,292
2023-10-07,MBA13,198
2023-10-08,MBA13,190
2023-10-09,MBA13,349
2023-10-10,MBA13,322
2023-10-11,MBA13,328
2023-10-12,MBA13,312
2023-10-13,MBA13,277
2023-10-14,MBA13,236
2023-10-15,MBA13,212
2023-10-16,MBA13,266
2023-10-17,MBA13,334
2023-10-18,MBA13,250
2023-10-19,MBA13,270
2023-10-20,MBA13,295
2023-10-21,MBA13,249
2023-10-22,MBA13,200
2023-10-23,MBA13,249
2023-10-24,MBA13,318
2023-10-25,MBA13,462
2023-10-26,MBA13,349
2023-10-27,MBA13,343
2023-10-28,MBA13,258
2023-10-29,MBA13,262
2023-10-30,MBA13,259
2023-10-31,MBA13,294
2023-11-01,MBA13,464
2023-11-02,MBA13,466
2023-11-03,MBA13,420
2023-11-04,MBA13,363
2023-11-05,MBA13,329
2023-11-06,MBA13,457
2023-11-07,MBA13,414
2023-11-08,MBA13,480
2023-11-09,MBA13,494
2023-11-10,MBA13,488
2023-11-11,MBA13,102
2023-11-12,MBA13,328
2023-11-13,MBA13,494
2023-11-14,MBA13,458
2023-11-15,MBA13,494
2023-11-16,MBA13,420
2023-11-17,MBA13,405
2023-11-18,MBA13,357
2023-11-19,MBA13,330
2023-11-20,MBA13,447
2023-11-21,MBA13,387
2023-11-22,MBA13,372
2023-11-23,MBA13,452
2023-11-24,MBA13,495
2023-11-25,MBA13,370
2023-11-26,MBA13,374
2023-11-27,MBA13,442
2023-11-28,MBA13,445
2023-11-29,MBA13,392
2023-11-30,MBA13,414
2023-12-01,MBA13,481
2023-12-02,MBA13,184
2023-12-03,MBA13,345
2023-12-04,MBA13,442
2023-12-05,MBA13,480
2023-12-06,MBA13,421
2023-12-07,MBA13,451
2023-12-08,MBA13,403
2023-12-09,MBA13,326
2023-12-10,MBA13,358
2023-12-11,MBA13,463
2023-12-12,MBA13,512
2023-12-13,MBA13,401
2023-12-14,MBA13,448
2023-12-15,MBA13,439
2023-12-16,MBA13,341
2023-12-17,MBA13,395
2023-12-18,MBA13,458
2023-12-19,MBA13,459
2023-12-20,MBA13,399
2023-12-21,MBA13,427
2023-12-22,MBA13,441
2023-12-23,MBA13,361
2023-12-24,MBA13,438
2023-12-25,MBA13,429
2023-12-26,MBA13,354
2023-12-27,MBA13,441
2023-12-28,MBA13,456
2023-12-29,MBA13,441
2023-12-30,MBA13,258
2023-12-31,MBA13,365
2024-01-01,MBA13,330
2024-01-02,MBA13,269
2024-01-03,MBA13,92
2024-01-04,MBA13,310
2024-01-05,MBA13,291
2024-01-06,MBA13,242
2024-01-07,MBA13,258
2024-01-08,MBA13,312
2024-01-09,MBA13,344
2024-01-10,MBA13,262
2024-01-11,MBA13,266
2024-01-12,MBA13,304
2024-01-13,MBA13,270
2024-01-14,MBA13,396
2024-01-15,MBA13,298
2024-01-16,MBA13,311
2024-01-17,MBA13,315
2024-01-18,MBA13,376
2024-01-19,MBA13,311
2024-01-20,MBA13,272
2024-01-21,MBA13,292
2024-01-22,MBA13,306
2024-01-23,MBA13,297
2024-01-24,MBA13,282
2024-01-25,MBA13,266
2024-01-26,MBA13,257
2024-01-27,MBA13,230
2024-01-28,MBA13,287
2024-01-29,MBA13,525
2024-01-30,MBA13,295
2024-01-31,MBA13,359
2024-02-01,MBA13,352
2024-02-02,MBA13,290
2024-02-03,MBA13,258
2024-02-04,MBA13,255
2024-02-05,MBA13,490
2024-02-06,MBA13,299
2024-02-07,MBA13,504
2024-02-08,MBA13,285
2024-02-09,MBA13,355
2024-02-10,MBA13,275
2024-02-11,MBA13,291
2024-02-12,MBA13,321
2024-02-13,MBA13,288
2024-02-14,MBA13,332
2024-02-15,MBA13,356
2024-02-16,MBA13,321
2024-02-17,MBA13,221
2024-02-18,MBA13,233
2024-02-19,MBA13,313
2024-02-20,MBA13,361
2024-02-21,MBA13,372
2024-02-22,MBA13,283
2024-02-23,MBA13,324
2024-02-24,MBA13,232
2024-02-25,MBA13,209
2024-02-26,MBA13,331
2024-02-27,MBA13,317
2024-02-28,MBA13,319
2024-02-29,MBA13,306
2024-03-01,MBA13,322
2024-03-02,MBA13,261
2024-03-03,MBA13,280
2024-03-04,MBA13,284
2024-03-05,MBA13,341
2024-03-06,MBA13,336
2024-03-07,MBA13,323
2024-03-08,MBA13,422
2024-03-09,MBA13,266
2024-03-10,MBA13,230
2024-03-11,MBA13,353
2024-03-12,MBA13,312
2024-03-13,MBA13,320
2024-03-14,MBA13,399
2024-03-15,MBA13,337
2024-03-16,MBA13,265
2024-03-17,MBA13,340
2024-03-18,MBA13,271
2024-03-19,MBA13,355
2024-03-20,MBA13,297
2024-03-21,MBA13,336
2024-03-22,MBA13,360
2024-03-23,MBA13,400
2024-03-24,MBA13,459
2024-03-25,MBA13,263
2024-03-26,MBA13,274
2024-03-27,MBA13,284
2024-03-28,MBA13,241
2024-03-29,MBA13,255
2024-03-30,MBA13,301
2024-03-31,MBA13,291
2024-04-01,MBA13,292
2024-04-02,MBA13,386
2024-04-03,MBA13,302
2024-04-04,MBA13,374
2024-04-05,MBA13,375
2024-04-06,MBA13,231
2024-04-07,MBA13,280
2024-04-08,MBA13,349
2024-04-09,MBA13,290
2024-04-10,MBA13,218
2024-04-11,MBA13,339
2024-04-12,MBA13,283
2024-04-13,MBA13,248
2024-04-14,MBA13,259
2024-04-15,MBA13,331
2024-04-16,MBA13,300
2024-04-17,MBA13,320
2024-04-18,MBA13,352
2024-04-19,MBA13,247
2024-04-20,MBA13,268
2024-04-21,MBA13,213
2024-04-22,MBA13,316
2024-04-23,MBA13,252
2024-04-24,MBA13,296
2024-04-25,MBA13,258
2024-04-26,MBA13,329
2024-04-27,MBA13,234
2024-04-28,MBA13,251
2024-04-29,MBA13,371
2024-04-30,MBA13,291
2024-05-01,MBA13,327
2024-05-02,MBA13,337
2024-05-03,MBA13,353
2024-05-04,MBA13,249
2024-05-05,MBA13,245
2024-05-06,MBA13,304
2024-05-07,MBA13,324
2024-05-08,MBA13,362
2024-05-09,MBA13,303
2024-05-10,MBA13,230
2024-05-11,MBA13,282
2024-05-12,MBA13,255
2024-05-13,MBA13,329
2024-05-14,MBA13,259
2024-05-15,MBA13,111
2024-05-16,MBA13,274
2024-05-17,MBA13,331
2024-05-18,MBA13,255
2024-05-19,MBA13,264
2024-05-20,MBA13,297
2024-05-21,MBA13,293
2024-05-22,MBA13,346
2024-05-23,MBA13,401
2024-05-24,MBA13,302
2024-05-25,MBA13,257
2024-05-26,MBA13,250
2024-05-27,MBA13,284
2024-05-28,MBA13,297
2024-05-29,MBA13,379
2024-05-30,MBA13,288
2024-05-31,MBA13,314
2024-06-01,MBA13,231
2024-06-02,MBA13,250
2024-06-03,MBA13,288
2024-06-04,MBA13,294
2024-06-05,MBA13,263
2024-06-06,MBA13,315
2024-06-07,MBA13,300
2024-06-08,MBA13,143
2024-06-09,MBA13,282
2024-06-10,MBA13,309
2024-06-11,MBA13,322
2024-06-12,MBA13,286
2024-06-13,MBA13,315
2024-06-14,MBA13,263
2024-06-15,MBA13,315
2024-06-16,MBA13,289
2024-06-17,MBA13,314
2024-06-18,MBA13,340
2024-06-19,MBA13,290
2024-06-20,MBA13,346
2024-06-21,MBA13,300
2024-06-22,MBA13,239
2024-06-23,MBA13,220
2024-06-24,MBA13,326
2024-06-25,MBA13,312
2024-06-26,MBA13,359
2024-06-27,MBA13,276
2024-06-28,MBA13,326
2024-06-29,MBA13,292
2024-06-30,MBA13,339
2024-07-01,MBA13,318
2024-07-02,MBA13,300
2024-07-03,MBA13,317
2024-07-04,MBA13,356
2024-07-05,MBA13,356
2024-07-06,MBA13,248
2024-07-07,MBA13,296
2024-07-08,MBA13,311
2024-07-09,MBA13,340
2024-07-10,MBA13,330
2024-07-11,MBA13,298
2024-07-12,MBA13,281
2024-07-13,MBA13,293
2024-07-14,MBA13,303
2024-07-15,MBA13,325
2024-07-16,MBA13,311
2024-07-17,MBA13,272
2024-07-18,MBA13,352
2024-07-19,MBA13,321
2024-07-20,MBA13,244
2024-07-21,MBA13,282
2024-07-22,MBA13,266
2024-07-23,MBA13,387
2024-07-24,MBA13,289
2024-07-25,MBA13,336
2024-07-26,MBA13,334
2024-07-27,MBA13,261
2024-07-28,MBA13,274
2024-07-29,MBA13,254
2024-07-30,MBA13,235
2024-07-31,MBA13,320
2024-08-01,MBA13,419
2024-08-02,MBA13,413
2024-08-03,MBA13,355
2024-08-04,MBA13,347
2024-08-05,MBA13,685
2024-08-06,MBA13,389
2024-08-07,MBA13,457
2024-08-08,MBA13,433
2024-08-09,MBA13,482
2024-08-10,MBA13,340
2024-08-11,MBA13,330
2024-08-12,MBA13,385
2024-08-13,MBA13,605
2024-08-14,MBA13,435
2024-08-15,MBA13,451
2024-08-16,MBA13,657
2024-08-17,MBA13,177
2024-08-18,MBA13,316
2024-08-19,MBA13,422
2024-08-20,MBA13,430
2024-08-21,MBA13,442
2024-08-22,MBA13,443
2024-08-23,MBA13,511
2024-08-24,MBA13,390
2024-08-25,MBA13,329
2024-08-26,MBA13,491
2024-08-27,MBA13,383
2024-08-28,MBA13,387
2024-08-29,MBA13,447
2024-08-30,MBA13,412
2024-08-31,MBA13,260
2024-09-01,MBA13,390
2024-09-02,MBA13,441
2024-09-03,MBA13,417
2024-09-04,MBA13,415
2024-09-05,MBA13,413
2024-09-06,MBA13,351
2024-09-07,MBA13,311
2024-09-08,MBA13,414
2024-09-09,MBA13,410
2024-09-10,MBA13,395
2024-09-11,MBA13,358
2024-09-12,MBA13,425
2024-09-13,MBA13,428
2024-09-14,MBA13,315
2024-09-15,MBA13,377
2024-09-16,MBA13,421
2024-09-17,MBA13,397
2024-09-18,MBA13,370
2024-09-19,MBA13,430
2024-09-20,MBA13,438
2024-09-21,MBA13,324
2024-09-22,MBA13,346
2024-09-23,MBA13,475
2024-09-24,MBA13,451
2024-09-25,MBA13,348
2024-09-26,MBA13,397
2024-09-27,MBA13,416
2024-09-28,MBA13,343
2024-09-29,MBA13,346
2024-09-30,MBA13,436
2024-10-01,MBA13,308
2024-10-02,MBA13,312
2024-10-03,MBA13,344
2024-10-04,MBA13,321
2024-10-05,MBA13,305
2024-10-06,MBA13,256
2024-10-07,MBA13,537
2024-10-08,MBA13,295
2024-10-09,MBA13,354
2024-10-10,MBA13,283
2024-10-11,MBA13,290
2024-10-12,MBA13,312
2024-10-13,MBA13,286
2024-10-14,MBA13,289
2024-10-15,MBA13,321
2024-10-16,MBA13,320
2024-10-17,MBA13,338
2024-10-18,MBA13,253
2024-10-19,MBA13,287
2024-10-20,MBA13,290
2024-10-21,MBA13,274
2024-10-22,MBA13,304
2024-10-23,MBA13,356
2024-10-24,MBA13,359
2024-10-25,MBA13,255
2024-10-26,MBA13,225
2024-10-27,MBA13,92
2024-10-28,MBA13,292
2024-10-29,MBA13,450
2024-10-30,MBA13,273
2024-10-31,MBA13,421
2024-11-01,MBA13,448
2024-11-02,MBA13,305
2024-11-03,MBA13,354
2024-11-04,MBA13,449
2024-11-05,MBA13,460
2024-11-06,MBA13,400
2024-11-07,MBA13,402
2024-11-08,MBA13,458
2024-11-09,MBA13,326
2024-11-10,MBA13,358
2024-11-11,MBA13,493
2024-11-12,MBA13,409
2024-11-13,MBA13,423
2024-11-14,MBA13,484
2024-11-15,MBA13,391
2024-11-16,MBA13,359
2024-11-17,MBA13,251
2024-11-18,MBA13,489
2024-11-19,MBA13,518
2024-11-20,MBA13,436
2024-11-21,MBA13,448
2024-11-22,MBA13,460
2024-11-23,MBA13,382
2024-11-24,MBA13,376
2024-11-25,MBA13,439
2024-11-26,MBA13,473
2024-11-27,MBA13,439
2024-11-28,MBA13,465
2024-11-29,MBA13,451
2024-11-30,MBA13,306
2024-12-01,MBA13,408
2024-12-02,MBA13,432
2024-12-03,MBA13,498
2024-12-04,MBA13,206
2024-12-05,MBA13,459
2024-12-06,MBA13,466
2024-12-07,MBA13,416
2024-12-08,MBA13,405
2024-12-09,MBA13,445
2024-12-10,MBA13,447
2024-12-11,MBA13,486
2024-12-12,MBA13,518
2024-12-13,MBA13,444
2024-12-14,MBA13,352
2024-12-15,MBA13,341
2024-12-16,MBA13,422
2024-12-17,MBA13,686
2024-12-18,MBA13,484
2024-12-19,MBA13,714
2024-12-20,MBA13,469
2024-12-21,MBA13,390
2024-12-22,MBA13,389
2024-12-23,MBA13,492
2024-12-24,MBA13,426
2024-12-25,MBA13,459
2024-12-26,MBA13,397
2024-12-27,MBA13,397
2024-12-28,MBA13,369
2024-12-29,MBA13,361
2024-12-30,MBA13,453
2024-12-31,MBA13,472
2025-01-01,MBA13,369
2025-01-02,MBA13,321
2025-01-03,MBA13,315
2025-01-04,MBA13,236
2025-01-05,MBA13,289
2025-01-06,MBA13,299
2025-01-07,MBA13,311
2025-01-08,MBA13,342
2025-01-09,MBA13,323
2025-01-10,MBA13,321
2025-01-11,MBA13,231
2025-01-12,MBA13,271
2025-01-13,MBA13,394
2025-01-14,MBA13,277
2025-01-15,MBA13,283
2025-01-16,MBA13,347
2025-01-17,MBA13,328
2025-01-18,MBA13,305
2025-01-19,MBA13,235
2025-01-20,MBA13,350
2025-01-21,MBA13,332
2025-01-22,MBA13,289
2025-01-23,MBA13,299
2025-01-24,MBA13,321
2025-01-25,MBA13,231
2025-01-26,MBA13,297
2025-01-27,MBA13,345
2025-01-28,MBA13,304
2025-01-29,MBA13,315
2025-01-30,MBA13,352
2025-01-31,MBA13,318
2025-02-01,MBA13,326
2025-02-02,MBA13,277
2025-02-03,MBA13,293
2025-02-04,MBA13,285
2025-02-05,MBA13,356
2025-02-06,MBA13,306
2025-02-07,MBA13,325
2025-02-08,MBA13,164
2025-02-09,MBA13,260
2025-02-10,MBA13,273
2025-02-11,MBA13,273
2025-02-12,MBA13,362
2025-02-13,MBA13,310
2025-02-14,MBA13,308
2025-02-15,MBA13,330
2025-02-16,MBA13,292
2025-02-17,MBA13,374
2025-02-18,MBA13,363
2025-02-19,MBA13,348
2025-02-20,MBA13,372
2025-02-21,MBA13,295
2025-02-22,MBA13,230
2025-02-23,MBA13,212
2025-02-24,MBA13,262
2025-02-25,MBA13,459
2025-02-26,MBA13,313
2025-02-27,MBA13,287
2025-02-28,MBA13,578
2025-03-01,MBA13,286
2025-03-02,MBA13,327
2025-03-03,MBA13,328
2025-03-04,MBA13,110
2025-03-05,MBA13,570
2025-03-06,MBA13,312
2025-03-07,MBA13,454
2025-03-08,MBA13,263
2025-03-09,MBA13,311
2025-03-10,MBA13,326
2025-03-11,MBA13,506
2025-03-12,MBA13,343
2025-03-13,MBA13,343
2025-03-14,MBA13,307
2025-03-15,MBA13,253
2025-03-16,MBA13,316
2025-03-17,MBA13,317
2025-03-18,MBA13,339
2025-03-19,MBA13,322
2025-03-20,MBA13,298
2025-03-21,MBA13,300
2025-03-22,MBA13,273
2025-03-23,MBA13,307
2025-03-24,MBA13,277
2025-03-25,MBA13,373
2025-03-26,MBA13,342
2025-03-27,MBA13,313
2025-03-28,MBA13,332
2025-03-29,MBA13,280
2025-03-30,MBA13,223
2025-03-31,MBA13,315
2025-04-01,MBA13,321
2025-04-02,MBA13,266
2025-04-03,MBA13,349
2025-04-04,MBA13,300
2025-04-05,MBA13,240
2025-04-06,MBA13,257
2025-04-07,MBA13,336
2025-04-08,MBA13,333
2025-04-09,MBA13,322
2025-04-10,MBA13,332
2025-04-11,MBA13,296
2025-04-12,MBA13,95
2025-04-13,MBA13,274
2025-04-14,MBA13,321
2025-04-15,MBA13,381
2025-04-16,MBA13,314
2025-04-17,MBA13,288
2025-04-18,MBA13,336
2025-04-19,MBA13,350
2025-04-20,MBA13,259
2025-04-21,MBA13,342
2025-04-22,MBA13,278
2025-04-23,MBA13,336
2025-04-24,MBA13,344
2025-04-25,MBA13,320
2025-04-26,MBA13,243
2025-04-27,MBA13,234
2025-04-28,MBA13,84
2025-04-29,MBA13,299
2025-04-30,MBA13,365
2025-05-01,MBA13,258
2025-05-02,MBA13,354
2025-05-03,MBA13,193
2025-05-04,MBA13,289
2025-05-05,MBA13,321
2025-05-06,MBA13,378
2025-05-07,MBA13,328
2025-05-08,MBA13,314
2025-05-09,MBA13,269
2025-05-10,MBA13,326
2025-05-11,MBA13,232
2025-05-12,MBA13,353
2025-05-13,MBA13,368
2025-05-14,MBA13,307
2025-05-15,MBA13,334
2025-05-16,MBA13,276
2025-05-17,MBA13,247
2025-05-18,MBA13,274
2025-05-19,MBA13,321
2025-05-20,MBA13,344
2025-05-21,MBA13,304
2025-05-22,MBA13,353
2025-05-23,MBA13,288
2025-05-24,MBA13,274
2025-05-25,MBA13,321
2025-05-26,MBA13,264
2025-05-27,MBA13,110
2025-05-28,MBA13,322
2025-05-29,MBA13,434
2025-05-30,MBA13,295
2025-05-31,MBA13,282
2025-06-01,MBA13,221
2025-06-02,MBA13,262
2025-06-03,MBA13,298
2025-06-04,MBA13,305
2025-06-05,MBA13,336
2025-06-06,MBA13,300
2025-06-07,MBA13,307
2025-06-08,MBA13,262
2025-06-09,MBA13,293
2025-06-10,MBA13,335
2025-06-11,MBA13,507
2025-06-12,MBA13,267
2025-06-13,MBA13,347
2025-06-14,MBA13,261
2025-06-15,MBA13,227
2025-06-16,MBA13,357
2025-06-17,MBA13,354
2025-06-18,MBA13,357
2025-06-19,MBA13,352
2025-06-20,MBA13,302
2025-06-21,MBA13,278
2025-06-22,MBA13,295
2025-06-23,MBA13,352
2025-06-24,MBA13,240
2025-06-25,MBA13,318
2025-06-26,MBA13,460
2025-06-27,MBA13,558
2025-06-28,MBA13,257
2025-06-29,MBA13,275
2025-06-30,MBA13,327
2025-07-01,MBA13,365
2025-07-02,MBA13,382
2025-07-03,MBA13,322
2025-07-04,MBA13,329
2025-07-05,MBA13,306
2025-07-06,MBA13,222
2025-07-07,MBA13,286
2025-07-08,MBA13,299
2025-07-09,MBA13,346
2025-07-10,MBA13,323
2025-07-11,MBA13,299
2025-07-12,MBA13,301
2025-07-13,MBA13,209
2025-07-14,MBA13,297
2025-07-15,MBA13,315
2025-07-16,MBA13,381
2025-07-17,MBA13,298
2025-07-18,MBA13,339
2025-07-19,MBA13,254
2025-07-20,MBA13,220
2025-07-21,MBA13,338
2025-07-22,MBA13,311
2025-07-23,MBA13,303
2025-07-24,MBA13,92
2025-07-25,MBA13,323
2025-07-26,MBA13,289
2025-07-27,MBA13,294
2025-07-28,MBA13,270
2025-07-29,MBA13,299
2025-07-30,MBA13,289
2025-07-31,MBA13,287
2025-08-01,MBA13,408
2025-08-02,MBA13,356
2025-08-03,MBA13,332
2025-08-04,MBA13,423
2025-08-05,MBA13,618
2025-08-06,MBA13,461
2025-08-07,MBA13,473
2025-08-08,MBA13,467
2025-08-09,MBA13,372
2025-08-10,MBA13,299
2025-08-11,MBA13,425
2025-08-12,MBA13,442
2025-08-13,MBA13,595
2025-08-14,MBA13,490
2025-08-15,MBA13,452
2025-08-16,MBA13,348
2025-08-17,MBA13,122
2025-08-18,MBA13,570
2025-08-19,MBA13,440
2025-08-20,MBA13,420
2025-08-21,MBA13,418
2025-08-22,MBA13,559
2025-08-23,MBA13,403
2025-08-24,MBA13,394
2025-08-25,MBA13,611
2025-08-26,MBA13,452
2025-08-27,MBA13,402
2025-08-28,MBA13,405
2025-08-29,MBA13,456
2025-08-30,MBA13,400
2025-08-31,MBA13,367
2025-09-01,MBA13,448
2025-09-02,MBA13,449
2025-09-03,MBA13,391
2025-09-04,MBA13,407
2025-09-05,MBA13,434
2025-09-06,MBA13,386
2025-09-07,MBA13,430
2025-09-08,MBA13,443
2025-09-09,MBA13,457
2025-09-10,MBA13,388
2025-09-11,MBA13,456
2025-09-12,MBA13,500
2025-09-13,MBA13,324
2025-09-14,MBA13,332
2025-09-15,MBA13,642
2025-09-16,MBA13,409
2025-09-17,MBA13,433
2025-09-18,MBA13,441
2025-09-19,MBA13,420
2025-09-20,MBA13,327
2025-09-21,MBA13,334
2025-09-22,MBA13,451
2025-09-23,MBA13,398
2025-09-24,MBA13,409
2025-09-25,MBA13,444
2025-09-26,MBA13,436
2025-09-27,MBA13,294
2025-09-28,MBA13,385
2025-09-29,MBA13,417
2025-09-30,MBA13,394
2025-10-01,MBA13,275
2025-10-02,MBA13,356
2025-10-03,MBA13,249
2025-10-04,MBA13,273
2025-10-05,MBA13,288
2025-10-06,MBA13,307
2025-10-07,MBA13,374
2025-10-08,MBA13,287
2025-10-09,MBA13,338
2025-10-10,MBA13,324
2025-10-11,MBA13,318
2025-10-12,MBA13,250
2025-10-13,MBA13,335
2025-10-14,MBA13,324
2025-10-15,MBA13,269
2025-10-16,MBA13,316
2025-10-17,MBA13,301
2025-10-18,MBA13,263
2025-10-19,MBA13,274
2025-10-20,MBA13,366
2025-10-21,MBA13,242
2025-10-22,MBA13,320
2025-10-23,MBA13,277
2025-10-24,MBA13,339
2025-10-25,MBA13,334
2025-10-26,MBA13,248
2025-10-27,MBA13,294
2025-10-28,MBA13,305
2025-10-29,MBA13,277
2025-10-30,MBA13,354
2025-10-31,MBA13,329
2025-11-01,MBA13,464
2025-11-02,MBA13,339
2025-11-03,MBA13,474
2025-11-04,MBA13,524
2025-11-05,MBA13,463
2025-11-06,MBA13,506
2025-11-07,MBA13,420
2025-11-08,MBA13,369
2025-11-09,MBA13,349
2025-11-10,MBA13,463
2025-11-11,MBA13,463
2025-11-12,MBA13,467
2025-11-13,MBA13,493
2025-11-14,MBA13,389
2025-11-15,MBA13,356
2025-11-16,MBA13,383
2025-11-17,MBA13,402
2025-11-18,MBA13,485
2025-11-19,MBA13,444
2025-11-20,MBA13,458
2025-11-21,MBA13,495
2025-11-22,MBA13,572
2025-11-23,MBA13,569
2025-11-24,MBA13,536
2025-11-25,MBA13,440
2025-11-26,MBA13,467
2025-11-27,MBA13,488
2025-11-28,MBA13,491
2025-11-29,MBA13,390
2025-11-30,MBA13,347
2025-12-01,MBA13,450
2025-12-02,MBA13,449
2025-12-03,MBA13,471
2025-12-04,MBA13,475
2025-12-05,MBA13,471
2025-12-06,MBA13,408
2025-12-07,MBA13,437
2025-12-08,MBA13,457
2025-12-09,MBA13,428
2025-12-10,MBA13,438
2025-12-11,MBA13,465
2025-12-12,MBA13,495
2025-12-13,MBA13,346
2025-12-14,MBA13,427
2025-12-15,MBA13,443
2025-12-16,MBA13,493
2025-12-17,MBA13,470
2025-12-18,MBA13,483
2025-12-19,MBA13,485
2025-12-20,MBA13,344
2025-12-21,MBA13,405
2025-12-22,MBA13,423
2025-12-23,MBA13,441
2025-12-24,MBA13,484
2025-12-25,MBA13,594
2025-12-26,MBA13,624
2025-12-27,MBA13,582
2025-12-28,MBA13,324
2025-12-29,MBA13,267
2025-12-30,MBA13,455
2025-12-31,MBA13,480
2023-01-01,MBA15,166
2023-01-02,MBA15,281
2023-01-03,MBA15,103
2023-01-04,MBA15,257
2023-01-05,MBA15,345
2023-01-06,MBA15,269
2023-01-07,MBA15,251
2023-01-08,MBA15,228
2023-01-09,MBA15,462
2023-01-10,MBA15,290
2023-01-11,MBA15,318
2023-01-12,MBA15,162
2023-01-13,MBA15,310
2023-01-14,MBA15,187
2023-01-15,MBA15,254
2023-01-16,MBA15,270
2023-01-17,MBA15,118
2023-01-18,MBA15,292
2023-01-19,MBA15,275
2023-01-20,MBA15,258
2023-01-21,MBA15,191
2023-01-22,MBA15,226
2023-01-23,MBA15,255
2023-01-24,MBA15,292
2023-01-25,MBA15,291
2023-01-26,MBA15,271
2023-01-27,MBA15,230
2023-01-28,MBA15,199
2023-01-29,MBA15,263
2023-01-30,MBA15,275
2023-01-31,MBA15,298
2023-02-01,MBA15,231
2023-02-02,MBA15,348
2023-02-03,MBA15,212
2023-02-04,MBA15,226
2023-02-05,MBA15,160
2023-02-06,MBA15,416
2023-02-07,MBA15,265
2023-02-08,MBA15,238
2023-02-09,MBA15,227
2023-02-10,MBA15,277
2023-02-11,MBA15,228
2023-02-12,MBA15,187
2023-02-13,MBA15,117
2023-02-14,MBA15,283
2023-02-15,MBA15,254
2023-02-16,MBA15,134
2023-02-17,MBA15,254
2023-02-18,MBA15,189
2023-02-19,MBA15,205
2023-02-20,MBA15,215
2023-02-21,MBA15,133
2023-02-22,MBA15,253
2023-02-23,MBA15,211
2023-02-24,MBA15,246
2023-02-25,MBA15,181
2023-02-26,MBA15,188
2023-02-27,MBA15,299
2023-02-28,MBA15,227
2023-03-01,MBA15,249
2023-03-02,MBA15,269
2023-03-03,MBA15,204
2023-03-04,MBA15,206
2023-03-05,MBA15,217
2023-03-06,MBA15,229
2023-03-07,MBA15,218
2023-03-08,MBA15,282
2023-03-09,MBA15,205
2023-03-10,MBA15,248
2023-03-11,MBA15,176
2023-03-12,MBA15,143
2023-03-13,MBA15,292
2023-03-14,MBA15,279
2023-03-15,MBA15,167
2023-03-16,MBA15,264
2023-03-17,MBA15,258
2023-03-18,MBA15,170
2023-03-19,MBA15,246
2023-03-20,MBA15,258
2023-03-21,MBA15,210
2023-03-22,MBA15,233
2023-03-23,MBA15,253
2023-03-24,MBA15,251
2023-03-25,MBA15,265
2023-03-26,MBA15,257
2023-03-27,MBA15,268
2023-03-28,MBA15,216
2023-03-29,MBA15,266
2023-03-30,MBA15,228
2023-03-31,MBA15,242
2023-04-01,MBA15,195
2023-04-02,MBA15,178
2023-04-03,MBA15,266
2023-04-04,MBA15,239
2023-04-05,MBA15,253
2023-04-06,MBA15,244
2023-04-07,MBA15,273
2023-04-08,MBA15,222
2023-04-09,MBA15,201
2023-04-10,MBA15,275
2023-04-11,MBA15,295
2023-04-12,MBA15,199
2023-04-13,MBA15,243
2023-04-14,MBA15,233
2023-04-15,MBA15,191
2023-04-16,MBA15,146
2023-04-17,MBA15,198
2023-04-18,MBA15,180
2023-04-19,MBA15,130
2023-04-20,MBA15,293
2023-04-21,MBA15,339
2023-04-22,MBA15,214
2023-04-23,MBA15,149
2023-04-24,MBA15,274
2023-04-25,MBA15,546
2023-04-26,MBA15,294
2023-04-27,MBA15,363
2023-04-28,MBA15,243
2023-04-29,MBA15,220
2023-04-30,MBA15,198
2023-05-01,MBA15,227
2023-05-02,MBA15,244
2023-05-03,MBA15,270
2023-05-04,MBA15,279
2023-05-05,MBA15,313
2023-05-06,MBA15,213
2023-05-07,MBA15,247
2023-05-08,MBA15,254
2023-05-09,MBA15,258
2023-05-10,MBA15,256
2023-05-11,MBA15,266
2023-05-12,MBA15,285
2023-05-13,MBA15,197
2023-05-14,MBA15,185
2023-05-15,MBA15,287
2023-05-16,MBA15,112
2023-05-17,MBA15,302
2023-05-18,MBA15,256
2023-05-19,MBA15,237
2023-05-20,MBA15,197
2023-05-21,MBA15,177
2023-05-22,MBA15,228
2023-05-23,MBA15,268
2023-05-24,MBA15,212
2023-05-25,MBA15,260
2023-05-26,MBA15,283
2023-05-27,MBA15,234
2023-05-28,MBA15,226
2023-05-29,MBA15,381
2023-05-30,MBA15,232
2023-05-31,MBA15,310
2023-06-01,MBA15,292
2023-06-02,MBA15,228
2023-06-03,MBA15,195
2023-06-04,MBA15,180
2023-06-05,MBA15,270
2023-06-06,MBA15,243
2023-06-07,MBA15,204
2023-06-08,MBA15,258
2023-06-09,MBA15,286
2023-06-10,MBA15,213
2023-06-11,MBA15,226
2023-06-12,MBA15,265
2023-06-13,MBA15,281
2023-06-14,MBA15,268
2023-06-15,MBA15,256
2023-06-16,MBA15,262
2023-06-17,MBA15,380
2023-06-18,MBA15,227
2023-06-19,MBA15,209
2023-06-20,MBA15,276
2023-06-21,MBA15,258
2023-06-22,MBA15,273
2023-06-23,MBA15,263
2023-06-24,MBA15,201
2023-06-25,MBA15,169
2023-06-26,MBA15,278
2023-06-27,MBA15,272
2023-06-28,MBA15,272
2023-06-29,MBA15,293
2023-06-30,MBA15,245
2023-07-01,MBA15,208
2023-07-02,MBA15,186
2023-07-03,MBA15,244
2023-07-04,MBA15,222
2023-07-05,MBA15,237
2023-07-06,MBA15,195
2023-07-07,MBA15,388
2023-07-08,MBA15,266
2023-07-09,MBA15,105
2023-07-10,MBA15,231
2023-07-11,MBA15,256
2023-07-12,MBA15,239
2023-07-13,MBA15,265
2023-07-14,MBA15,274
2023-07-15,MBA15,147
2023-07-16,MBA15,243
2023-07-17,MBA15,215
2023-07-18,MBA15,299
2023-07-19,MBA15,229
2023-07-20,MBA15,208
2023-07-21,MBA15,255
2023-07-22,MBA15,191
2023-07-23,MBA15,176
2023-07-24,MBA15,251
2023-07-25,MBA15,260
2023-07-26,MBA15,214
2023-07-27,MBA15,270
2023-07-28,MBA15,252
2023-07-29,MBA15,250
2023-07-30,MBA15,251
2023-07-31,MBA15,317
2023-08-01,MBA15,361
2023-08-02,MBA15,342
2023-08-03,MBA15,358
2023-08-04,MBA15,344
2023-08-05,MBA15,317
2023-08-06,MBA15,303
2023-08-07,MBA15,337
2023-08-08,MBA15,370
2023-08-09,MBA15,414
2023-08-10,MBA15,348
2023-08-11,MBA15,362
2023-08-12,MBA15,314
2023-08-13,MBA15,300
2023-08-14,MBA15,102
2023-08-15,MBA15,375
2023-08-16,MBA15,387
2023-08-17,MBA15,382
2023-08-18,MBA15,363
2023-08-19,MBA15,250
2023-08-20,MBA15,219
2023-08-21,MBA15,387
2023-08-22,MBA15,393
2023-08-23,MBA15,337
2023-08-24,MBA15,489
2023-08-25,MBA15,344
2023-08-26,MBA15,418
2023-08-27,MBA15,91
2023-08-28,MBA15,365
2023-08-29,MBA15,340
2023-08-30,MBA15,436
2023-08-31,MBA15,597
2023-09-01,MBA15,348
2023-09-02,MBA15,283
2023-09-03,MBA15,285
2023-09-04,MBA15,363
2023-09-05,MBA15,364
2023-09-06,MBA15,343
2023-09-07,MBA15,348
2023-09-08,MBA15,333
2023-09-09,MBA15,263
2023-09-10,MBA15,263
2023-09-11,MBA15,347
2023-09-12,MBA15,325
2023-09-13,MBA15,267
2023-09-14,MBA15,340
2023-09-15,MBA15,315
2023-09-16,MBA15,287
2023-09-17,MBA15,266
2023-09-18,MBA15,364
2023-09-19,MBA15,317
2023-09-20,MBA15,300
2023-09-21,MBA15,348
2023-09-22,MBA15,338
2023-09-23,MBA15,246
2023-09-24,MBA15,306
2023-09-25,MBA15,322
2023-09-26,MBA15,329
2023-09-27,MBA15,378
2023-09-28,MBA15,365
2023-09-29,MBA15,319
2023-09-30,MBA15,274
2023-10-01,MBA15,176
2023-10-02,MBA15,99
2023-10-03,MBA15,277
2023-10-04,MBA15,292
2023-10-05,MBA15,251
2023-10-06,MBA15,207
2023-10-07,MBA15,157
2023-10-08,MBA15,188
2023-10-09,MBA15,286
2023-10-10,MBA15,275
2023-10-11,MBA15,279
2023-10-12,MBA15,239
2023-10-13,MBA15,247
2023-10-14,MBA15,236
2023-10-15,MBA15,257
2023-10-16,MBA15,286
2023-10-17,MBA15,286
2023-10-18,MBA15,238
2023-10-19,MBA15,277
2023-10-20,MBA15,222
2023-10-21,MBA15,366
2023-10-22,MBA15,219
2023-10-23,MBA15,282
2023-10-24,MBA15,258
2023-10-25,MBA15,229
2023-10-26,MBA15,315
2023-10-27,MBA15,289
2023-10-28,MBA15,174
2023-10-29,MBA15,215
2023-10-30,MBA15,287
2023-10-31,MBA15,212
2023-11-01,MBA15,407
2023-11-02,MBA15,389
2023-11-03,MBA15,355
2023-11-04,MBA15,322
2023-11-05,MBA15,313
2023-11-06,MBA15,387
2023-11-07,MBA15,526
2023-11-08,MBA15,395
2023-11-09,MBA15,344
2023-11-10,MBA15,410
2023-11-11,MBA15,269
2023-11-12,MBA15,283
2023-11-13,MBA15,385
2023-11-14,MBA15,553
2023-11-15,MBA15,384
2023-11-16,MBA15,410
2023-11-17,MBA15,380
2023-11-18,MBA15,280
2023-11-19,MBA15,306
2023-11-20,MBA15,331
2023-11-21,MBA15,420
2023-11-22,MBA15,358
2023-11-23,MBA15,159
2023-11-24,MBA15,193
2023-11-25,MBA15,307
2023-11-26,MBA15,270
2023-11-27,MBA15,345
2023-11-28,MBA15,343
2023-11-29,MBA15,409
2023-11-30,MBA15,383
2023-12-01,MBA15,347
2023-12-02,MBA15,320
2023-12-03,MBA15,315
2023-12-04,MBA15,474
2023-12-05,MBA15,389
2023-12-06,MBA15,406
2023-12-07,MBA15,386
2023-12-08,MBA15,450
2023-12-09,MBA15,286
2023-12-10,MBA15,339
2023-12-11,MBA15,442
2023-12-12,MBA15,433
2023-12-13,MBA15,376
2023-12-14,MBA15,400
2023-12-15,MBA15,383
2023-12-16,MBA15,282
2023-12-17,MBA15,344
2023-12-18,MBA15,394
2023-12-19,MBA15,350
2023-12-20,MBA15,366
2023-12-21,MBA15,372
2023-12-22,MBA15,412
2023-12-23,MBA15,271
2023-12-24,MBA15,240
2023-12-25,MBA15,342
2023-12-26,MBA15,383
2023-12-27,MBA15,348
2023-12-28,MBA15,371
2023-12-29,MBA15,362
2023-12-30,MBA15,245
2023-12-31,MBA15,285
2024-01-01,MBA15,261
2024-01-02,MBA15,295
2024-01-03,MBA15,325
2024-01-04,MBA15,245
2024-01-05,MBA15,272
2024-01-06,MBA15,231
2024-01-07,MBA15,287
2024-01-08,MBA15,252
2024-01-09,MBA15,243
2024-01-10,MBA15,257
2024-01-11,MBA15,243
2024-01-12,MBA15,287
2024-01-13,MBA15,245
2024-01-14,MBA15,224
2024-01-15,MBA15,272
2024-01-16,MBA15,307
2024-01-17,MBA15,261
2024-01-18,MBA15,290
2024-01-19,MBA15,261
2024-01-20,MBA15,183
2024-01-21,MBA15,251
2024-01-22,MBA15,276
2024-01-23,MBA15,299
2024-01-24,MBA15,280
2024-01-25,MBA15,403
2024-01-26,MBA15,244
2024-01-27,MBA15,236
2024-01-28,MBA15,220
2024-01-29,MBA15,248
2024-01-30,MBA15,256
2024-01-31,MBA15,251
2024-02-01,MBA15,263
2024-02-02,MBA15,230
2024-02-03,MBA15,311
2024-02-04,MBA15,226
2024-02-05,MBA15,302
2024-02-06,MBA15,304
2024-02-07,MBA15,273
2024-02-08,MBA15,223
2024-02-09,MBA15,317
2024-02-10,MBA15,178
2024-02-11,MBA15,231
2024-02-12,MBA15,307
2024-02-13,MBA15,283
2024-02-14,MBA15,250
2024-02-15,MBA15,274
2024-02-16,MBA15,252
2024-02-17,MBA15,200
2024-02-18,MBA15,224
2024-02-19,MBA15,195
2024-02-20,MBA15,261
2024-02-21,MBA15,273
2024-02-22,MBA15,271
2024-02-23,MBA15,246
2024-02-24,MBA15,308
2024-02-25,MBA15,296
2024-02-26,MBA15,519
2024-02-27,MBA15,284
2024-02-28,MBA15,254
2024-02-29,MBA15,261
2024-03-01,MBA15,269
2024-03-02,MBA15,186
2024-03-03,MBA15,244
2024-03-04,MBA15,310
2024-03-05,MBA15,235
2024-03-06,MBA15,318
2024-03-07,MBA15,270
2024-03-08,MBA15,282
2024-03-09,MBA15,176
2024-03-10,MBA15,200
2024-03-11,MBA15,285
2024-03-12,MBA15,297
2024-03-13,MBA15,241
2024-03-14,MBA15,85
2024-03-15,MBA15,268
2024-03-16,MBA15,218
2024-03-17,MBA15,226
2024-03-18,MBA15,265
2024-03-19,MBA15,302
2024-03-20,MBA15,242
2024-03-21,MBA15,280
2024-03-22,MBA15,281
2024-03-23,MBA15,193
2024-03-24,MBA15,228
2024-03-25,MBA15,96
2024-03-26,MBA15,195
2024-03-27,MBA15,238
2024-03-28,MBA15,259
2024-03-29,MBA15,307
2024-03-30,MBA15,183
2024-03-31,MBA15,249
2024-04-01,MBA15,217
2024-04-02,MBA15,341
2024-04-03,MBA15,228
2024-04-04,MBA15,302
2024-04-05,MBA15,249
2024-04-06,MBA15,234
2024-04-07,MBA15,267
2024-04-08,MBA15,260
2024-04-09,MBA15,337
2024-04-10,MBA15,319
2024-04-11,MBA15,225
2024-04-12,MBA15,267
2024-04-13,MBA15,210
2024-04-14,MBA15,218
2024-04-15,MBA15,257
2024-04-16,MBA15,241
2024-04-17,MBA15,265
2024-04-18,MBA15,284
2024-04-19,MBA15,195
2024-04-20,MBA15,243
2024-04-21,MBA15,222
2024-04-22,MBA15,312
2024-04-23,MBA15,254
2024-04-24,MBA15,251
2024-04-25,MBA15,244
2024-04-26,MBA15,282
2024-04-27,MBA15,163
2024-04-28,MBA15,195
2024-04-29,MBA15,273
2024-04-30,MBA15,224
2024-05-01,MBA15,270
2024-05-02,MBA15,306
2024-05-03,MBA15,301
2024-05-04,MBA15,213
2024-05-05,MBA15,245
2024-05-06,MBA15,145
2024-05-07,MBA15,273
2024-05-08,MBA15,277
2024-05-09,MBA15,261
2024-05-10,MBA15,326
2024-05-11,MBA15,216
2024-05-12,MBA15,194
2024-05-13,MBA15,298
2024-05-14,MBA15,268
2024-05-15,MBA15,270
2024-05-16,MBA15,287
2024-05-17,MBA15,288
2024-05-18,MBA15,188
2024-05-19,MBA15,208
2024-05-20,MBA15,228
2024-05-21,MBA15,277
2024-05-22,MBA15,322
2024-05-23,MBA15,240
2024-05-24,MBA15,223
2024-05-25,MBA15,198
2024-05-26,MBA15,209
2024-05-27,MBA15,289
2024-05-28,MBA15,257
2024-05-29,MBA15,278
2024-05-30,MBA15,253
2024-05-31,MBA15,262
2024-06-01,MBA15,193
2024-06-02,MBA15,184
2024-06-03,MBA15,290
2024-06-04,MBA15,255
2024-06-05,MBA15,280
2024-06-06,MBA15,243
2024-06-07,MBA15,267
2024-06-08,MBA15,156
2024-06-09,MBA15,206
2024-06-10,MBA15,246
2024-06-11,MBA15,301
2024-06-12,MBA15,231
2024-06-13,MBA15,263
2024-06-14,MBA15,277
2024-06-15,MBA15,246
2024-06-16,MBA15,241
2024-06-17,MBA15,265
2024-06-18,MBA15,269
2024-06-19,MBA15,301
2024-06-20,MBA15,265
2024-06-21,MBA15,272
2024-06-22,MBA15,252
2024-06-23,MBA15,288
2024-06-24,MBA15,275
2024-06-25,MBA15,282
2024-06-26,MBA15,291
2024-06-27,MBA15,302
2024-06-28,MBA15,298
2024-06-29,MBA15,200
2024-06-30,MBA15,226
2024-07-01,MBA15,298
2024-07-02,MBA15,309
2024-07-03,MBA15,263
2024-07-04,MBA15,276
2024-07-05,MBA15,279
2024-07-06,MBA15,217
2024-07-07,MBA15,224
2024-07-08,MBA15,206
2024-07-09,MBA15,361
2024-07-10,MBA15,125
2024-07-11,MBA15,273
2024-07-12,MBA15,251
2024-07-13,MBA15,257
2024-07-14,MBA15,205
2024-07-15,MBA15,238
2024-07-16,MBA15,320
2024-07-17,MBA15,270
2024-07-18,MBA15,315
2024-07-19,MBA15,267
2024-07-20,MBA15,217
2024-07-21,MBA15,277
2024-07-22,MBA15,255
2024-07-23,MBA15,247
2024-07-24,MBA15,282
2024-07-25,MBA15,276
2024-07-26,MBA15,272
2024-07-27,MBA15,154
2024-07-28,MBA15,221
2024-07-29,MBA15,400
2024-07-30,MBA15,277
2024-07-31,MBA15,264
2024-08-01,MBA15,348
2024-08-02,MBA15,415
2024-08-03,MBA15,274
2024-08-04,MBA15,127
2024-08-05,MBA15,213
2024-08-06,MBA15,205
2024-08-07,MBA15,314
2024-08-08,MBA15,473
2024-08-09,MBA15,398
2024-08-10,MBA15,277
2024-08-11,MBA15,448
2024-08-12,MBA15,338
2024-08-13,MBA15,339
2024-08-14,MBA15,310
2024-08-15,MBA15,374
2024-08-16,MBA15,301
2024-08-17,MBA15,289
2024-08-18,MBA15,288
2024-08-19,MBA15,351
2024-08-20,MBA15,374
2024-08-21,MBA15,345
2024-08-22,MBA15,366
2024-08-23,MBA15,398
2024-08-24,MBA15,309
2024-08-25,MBA15,280
2024-08-26,MBA15,361
2024-08-27,MBA15,351
2024-08-28,MBA15,356
2024-08-29,MBA15,367
2024-08-30,MBA15,321
2024-08-31,MBA15,246
2024-09-01,MBA15,266
2024-09-02,MBA15,375
2024-09-03,MBA15,379
2024-09-04,MBA15,384
2024-09-05,MBA15,336
2024-09-06,MBA15,363
2024-09-07,MBA15,281
2024-09-08,MBA15,288
2024-09-09,MBA15,145
2024-09-10,MBA15,368
2024-09-11,MBA15,395
2024-09-12,MBA15,318
2024-09-13,MBA15,369
2024-09-14,MBA15,317
2024-09-15,MBA15,256
2024-09-16,MBA15,329
2024-09-17,MBA15,369
2024-09-18,MBA15,329
2024-09-19,MBA15,353
2024-09-20,MBA15,351
2024-09-21,MBA15,326
2024-09-22,MBA15,340
2024-09-23,MBA15,347
2024-09-24,MBA15,376
2024-09-25,MBA15,351
2024-09-26,MBA15,578
2024-09-27,MBA15,350
2024-09-28,MBA15,288
2024-09-29,MBA15,271
2024-09-30,MBA15,355
2024-10-01,MBA15,267
2024-10-02,MBA15,261
2024-10-03,MBA15,276
2024-10-04,MBA15,315
2024-10-05,MBA15,176
2024-10-06,MBA15,221
2024-10-07,MBA15,236
2024-10-08,MBA15,225
2024-10-09,MBA15,406
2024-10-10,MBA15,274
2024-10-11,MBA15,289
2024-10-12,MBA15,192
2024-10-13,MBA15,225
2024-10-14,MBA15,264
2024-10-15,MBA15,287
2024-10-16,MBA15,260
2024-10-17,MBA15,252
2024-10-18,MBA15,298
2024-10-19,MBA15,251
2024-10-20,MBA15,200
2024-10-21,MBA15,290
2024-10-22,MBA15,285
2024-10-23,MBA15,264
2024-10-24,MBA15,251
2024-10-25,MBA15,246
2024-10-26,MBA15,253
2024-10-27,MBA15,225
2024-10-28,MBA15,314
2024-10-29,MBA15,264
2024-10-30,MBA15,315
2024-10-31,MBA15,242
2024-11-01,MBA15,313
2024-11-02,MBA15,284
2024-11-03,MBA15,338
2024-11-04,MBA15,409
2024-11-05,MBA15,353
2024-11-06,MBA15,401
2024-11-07,MBA15,367
2024-11-08,MBA15,334
2024-11-09,MBA15,338
2024-11-10,MBA15,343
2024-11-11,MBA15,371
2024-11-12,MBA15,421
2024-11-13,MBA15,385
2024-11-14,MBA15,390
2024-11-15,MBA15,383
2024-11-16,MBA15,279
2024-11-17,MBA15,306
2024-11-18,MBA15,354
2024-11-19,MBA15,562
2024-11-20,MBA15,419
2024-11-21,MBA15,393
2024-11-22,MBA15,389
2024-11-23,MBA15,336
2024-11-24,MBA15,296
2024-11-25,MBA15,398
2024-11-26,MBA15,445
2024-11-27,MBA15,424
2024-11-28,MBA15,397
2024-11-29,MBA15,390
2024-11-30,MBA15,328
2024-12-01,MBA15,355
2024-12-02,MBA15,427
2024-12-03,MBA15,435
2024-12-04,MBA15,394
2024-12-05,MBA15,327
2024-12-06,MBA15,443
2024-12-07,MBA15,291
2024-12-08,MBA15,257
2024-12-09,MBA15,409
2024-12-10,MBA15,328
2024-12-11,MBA15,560
2024-12-12,MBA15,593
2024-12-13,MBA15,381
2024-12-14,MBA15,131
2024-12-15,MBA15,313
2024-12-16,MBA15,384
2024-12-17,MBA15,341
2024-12-18,MBA15,367
2024-12-19,MBA15,370
2024-12-20,MBA15,391
2024-12-21,MBA15,387
2024-12-22,MBA15,311
2024-12-23,MBA15,371
2024-12-24,MBA15,372
2024-12-25,MBA15,385
2024-12-26,MBA15,334
2024-12-27,MBA15,410
2024-12-28,MBA15,291
2024-12-29,MBA15,306
2024-12-30,MBA15,433
2024-12-31,MBA15,410
2025-01-01,MBA15,242
2025-01-02,MBA15,193
2025-01-03,MBA15,290
2025-01-04,MBA15,216
2025-01-05,MBA15,228
2025-01-06,MBA15,297
2025-01-07,MBA15,302
2025-01-08,MBA15,263
2025-01-09,MBA15,272
2025-01-10,MBA15,286
2025-01-11,MBA15,236
2025-01-12,MBA15,228
2025-01-13,MBA15,317
2025-01-14,MBA15,288
2025-01-15,MBA15,296
2025-01-16,MBA15,283
2025-01-17,MBA15,246
2025-01-18,MBA15,204
2025-01-19,MBA15,188
2025-01-20,MBA15,305
2025-01-21,MBA15,230
2025-01-22,MBA15,378
2025-01-23,MBA15,87
2025-01-24,MBA15,272
2025-01-25,MBA15,241
2025-01-26,MBA15,202
2025-01-27,MBA15,312
2025-01-28,MBA15,268
2025-01-29,MBA15,299
2025-01-30,MBA15,277
2025-01-31,MBA15,243
2025-02-01,MBA15,263
2025-02-02,MBA15,258
2025-02-03,MBA15,245
2025-02-04,MBA15,292
2025-02-05,MBA15,258
2025-02-06,MBA15,231
2025-02-07,MBA15,124
2025-02-08,MBA15,257
2025-02-09,MBA15,208
2025-02-10,MBA15,255
2025-02-11,MBA15,243
2025-02-12,MBA15,243
2025-02-13,MBA15,336
2025-02-14,MBA15,270
2025-02-15,MBA15,213
2025-02-16,MBA15,189
2025-02-17,MBA15,226
2025-02-18,MBA15,323
2025-02-19,MBA15,303
2025-02-20,MBA15,420
2025-02-21,MBA15,199
2025-02-22,MBA15,93
2025-02-23,MBA15,211
2025-02-24,MBA15,282
2025-02-25,MBA15,289
2025-02-26,MBA15,271
2025-02-27,MBA15,307
2025-02-28,MBA15,253
2025-03-01,MBA15,221
2025-03-02,MBA15,215
2025-03-03,MBA15,284
2025-03-04,MBA15,221
2025-03-05,MBA15,278
2025-03-06,MBA15,247
2025-03-07,MBA15,257
2025-03-08,MBA15,218
2025-03-09,MBA15,266
2025-03-10,MBA15,288
2025-03-11,MBA15,120
2025-03-12,MBA15,103
2025-03-13,MBA15,265
2025-03-14,MBA15,247
2025-03-15,MBA15,327
2025-03-16,MBA15,209
2025-03-17,MBA15,285
2025-03-18,MBA15,263
2025-03-19,MBA15,417
2025-03-20,MBA15,270
2025-03-21,MBA15,302
2025-03-22,MBA15,248
2025-03-23,MBA15,215
2025-03-24,MBA15,294
2025-03-25,MBA15,280
2025-03-26,MBA15,225
2025-03-27,MBA15,264
2025-03-28,MBA15,227
2025-03-29,MBA15,240
2025-03-30,MBA15,199
2025-03-31,MBA15,279
2025-04-01,MBA15,226
2025-04-02,MBA15,277
2025-04-03,MBA15,270
2025-04-04,MBA15,287
2025-04-05,MBA15,213
2025-04-06,MBA15,223
2025-04-07,MBA15,118
2025-04-08,MBA15,301
2025-04-09,MBA15,206
2025-04-10,MBA15,166
2025-04-11,MBA15,347
2025-04-12,MBA15,221
2025-04-13,MBA15,110
2025-04-14,MBA15,330
2025-04-15,MBA15,257
2025-04-16,MBA15,289
2025-04-17,MBA15,316
2025-04-18,MBA15,265
2025-04-19,MBA15,169
2025-04-20,MBA15,248
2025-04-21,MBA15,275
2025-04-22,MBA15,344
2025-04-23,MBA15,191
2025-04-24,MBA15,292
2025-04-25,MBA15,305
2025-04-26,MBA15,228
2025-04-27,MBA15,201
2025-04-28,MBA15,268
2025-04-29,MBA15,264
2025-04-30,MBA15,290
2025-05-01,MBA15,253
2025-05-02,MBA15,239
2025-05-03,MBA15,168
2025-05-04,MBA15,205
2025-05-05,MBA15,302
2025-05-06,MBA15,352
2025-05-07,MBA15,236
2025-05-08,MBA15,244
2025-05-09,MBA15,109
2025-05-10,MBA15,195
2025-05-11,MBA15,231
2025-05-12,MBA15,276
2025-05-13,MBA15,297
2025-05-14,MBA15,319
2025-05-15,MBA15,279
2025-05-16,MBA15,256
2025-05-17,MBA15,218
2025-05-18,MBA15,257
2025-05-19,MBA15,258
2025-05-20,MBA15,242
2025-05-21,MBA15,264
2025-05-22,MBA15,255
2025-05-23,MBA15,322
2025-05-24,MBA15,202
2025-05-25,MBA15,231
2025-05-26,MBA15,273
2025-05-27,MBA15,242
2025-05-28,MBA15,249
2025-05-29,MBA15,278
2025-05-30,MBA15,278
2025-05-31,MBA15,211
2025-06-01,MBA15,309
2025-06-02,MBA15,310
2025-06-03,MBA15,244
2025-06-04,MBA15,258
2025-06-05,MBA15,301
2025-06-06,MBA15,294
2025-06-07,MBA15,189
2025-06-08,MBA15,236
2025-06-09,MBA15,256
2025-06-10,MBA15,215
2025-06-11,MBA15,266
2025-06-12,MBA15,331
2025-06-13,MBA15,304
2025-06-14,MBA15,221
2025-06-15,MBA15,177
2025-06-16,MBA15,216
2025-06-17,MBA15,276
2025-06-18,MBA15,286
2025-06-19,MBA15,295
2025-06-20,MBA15,292
2025-06-21,MBA15,242
2025-06-22,MBA15,230
2025-06-23,MBA15,309
2025-06-24,MBA15,260
2025-06-25,MBA15,276
2025-06-26,MBA15,225
2025-06-27,MBA15,259
2025-06-28,MBA15,251
2025-06-29,MBA15,241
2025-06-30,MBA15,206
2025-07-01,MBA15,333
2025-07-02,MBA15,279
2025-07-03,MBA15,280
2025-07-04,MBA15,257
2025-07-05,MBA15,211
2025-07-06,MBA15,227
2025-07-07,MBA15,292
2025-07-08,MBA15,284
2025-07-09,MBA15,259
2025-07-10,MBA15,249
2025-07-11,MBA15,373
2025-07-12,MBA15,145
2025-07-13,MBA15,237
2025-07-14,MBA15,289
2025-07-15,MBA15,306
2025-07-16,MBA15,382
2025-07-17,MBA15,299
2025-07-18,MBA15,264
2025-07-19,MBA15,276
2025-07-20,MBA15,245
2025-07-21,MBA15,273
2025-07-22,MBA15,103
2025-07-23,MBA15,276
2025-07-24,MBA15,314
2025-07-25,MBA15,243
2025-07-26,MBA15,196
2025-07-27,MBA15,190
2025-07-28,MBA15,278
2025-07-29,MBA15,261
2025-07-30,MBA15,223
2025-07-31,MBA15,210
2025-08-01,MBA15,355
2025-08-02,MBA15,320
2025-08-03,MBA15,290
2025-08-04,MBA15,385
2025-08-05,MBA15,601
2025-08-06,MBA15,390
2025-08-07,MBA15,388
2025-08-08,MBA15,313
2025-08-09,MBA15,264
2025-08-10,MBA15,310
2025-08-11,MBA15,374
2025-08-12,MBA15,464
2025-08-13,MBA15,407
2025-08-14,MBA15,379
2025-08-15,MBA15,496
2025-08-16,MBA15,319
2025-08-17,MBA15,345
2025-08-18,MBA15,386
2025-08-19,MBA15,346
2025-08-20,MBA15,361
2025-08-21,MBA15,338
2025-08-22,MBA15,384
2025-08-23,MBA15,354
2025-08-24,MBA15,336
2025-08-25,MBA15,389
2025-08-26,MBA15,384
2025-08-27,MBA15,555
2025-08-28,MBA15,368
2025-08-29,MBA15,346
2025-08-30,MBA15,316
2025-08-31,MBA15,312
2025-09-01,MBA15,354
2025-09-02,MBA15,382
2025-09-03,MBA15,343
2025-09-04,MBA15,395
2025-09-05,MBA15,419
2025-09-06,MBA15,92
2025-09-07,MBA15,266
2025-09-08,MBA15,396
2025-09-09,MBA15,314
2025-09-10,MBA15,385
2025-09-11,MBA15,362
2025-09-12,MBA15,369
2025-09-13,MBA15,314
2025-09-14,MBA15,273
2025-09-15,MBA15,354
2025-09-16,MBA15,410
2025-09-17,MBA15,361
2025-09-18,MBA15,338
2025-09-19,MBA15,386
2025-09-20,MBA15,339
2025-09-21,MBA15,264
2025-09-22,MBA15,401
2025-09-23,MBA15,593
2025-09-24,MBA15,376
2025-09-25,MBA15,139
2025-09-26,MBA15,240
2025-09-27,MBA15,335
2025-09-28,MBA15,322
2025-09-29,MBA15,352
2025-09-30,MBA15,365
2025-10-01,MBA15,297
2025-10-02,MBA15,222
2025-10-03,MBA15,257
2025-10-04,MBA15,233
2025-10-05,MBA15,239
2025-10-06,MBA15,287
2025-10-07,MBA15,268
2025-10-08,MBA15,424
2025-10-09,MBA15,247
2025-10-10,MBA15,283
2025-10-11,MBA15,214
2025-10-12,MBA15,269
2025-10-13,MBA15,359
2025-10-14,MBA15,108
2025-10-15,MBA15,258
2025-10-16,MBA15,281
2025-10-17,MBA15,277
2025-10-18,MBA15,124
2025-10-19,MBA15,232
2025-10-20,MBA15,258
2025-10-21,MBA15,266
2025-10-22,MBA15,253
2025-10-23,MBA15,131
2025-10-24,MBA15,131
2025-10-25,MBA15,214
2025-10-26,MBA15,228
2025-10-27,MBA15,246
2025-10-28,MBA15,269
2025-10-29,MBA15,309
2025-10-30,MBA15,261
2025-10-31,MBA15,244
2025-11-01,MBA15,150
2025-11-02,MBA15,260
2025-11-03,MBA15,438
2025-11-04,MBA15,389
2025-11-05,MBA15,448
2025-11-06,MBA15,356
2025-11-07,MBA15,377
2025-11-08,MBA15,303
2025-11-09,MBA15,286
2025-11-10,MBA15,399
2025-11-11,MBA15,391
2025-11-12,MBA15,428
2025-11-13,MBA15,365
2025-11-14,MBA15,662
2025-11-15,MBA15,309
2025-11-16,MBA15,372
2025-11-17,MBA15,409
2025-11-18,MBA15,435
2025-11-19,MBA15,430
2025-11-20,MBA15,411
2025-11-21,MBA15,409
2025-11-22,MBA15,347
2025-11-23,MBA15,337
2025-11-24,MBA15,161
2025-11-25,MBA15,478
2025-11-26,MBA15,381
2025-11-27,MBA15,449
2025-11-28,MBA15,387
2025-11-29,MBA15,318
2025-11-30,MBA15,283
2025-12-01,MBA15,409
2025-12-02,MBA15,394
2025-12-03,MBA15,367
2025-12-04,MBA15,402
2025-12-05,MBA15,372
2025-12-06,MBA15,383
2025-12-07,MBA15,313
2025-12-08,MBA15,365
2025-12-09,MBA15,414
2025-12-10,MBA15,161
2025-12-11,MBA15,417
2025-12-12,MBA15,351
2025-12-13,MBA15,336
2025-12-14,MBA15,292
2025-12-15,MBA15,418
2025-12-16,MBA15,430
2025-12-17,MBA15,392
2025-12-18,MBA15,159
2025-12-19,MBA15,424
2025-12-20,MBA15,355
2025-12-21,MBA15,304
2025-12-22,MBA15,551
2025-12-23,MBA15,396
2025-12-24,MBA15,610
2025-12-25,MBA15,390
2025-12-26,MBA15,406
2025-12-27,MBA15,308
2025-12-28,MBA15,326
2025-12-29,MBA15,435
2025-12-30,MBA15,380
2025-12-31,MBA15,395
2023-01-01,MBP14,170
2023-01-02,MBP14,205
2023-01-03,MBP14,206
2023-01-04,MBP14,185
2023-01-05,MBP14,284
2023-01-06,MBP14,246
2023-01-07,MBP14,291
2023-01-08,MBP14,158
2023-01-09,MBP14,189
2023-01-10,MBP14,151
2023-01-11,MBP14,240
2023-01-12,MBP14,195
2023-01-13,MBP14,238
2023-01-14,MBP14,166
2023-01-15,MBP14,137
2023-01-16,MBP14,171
2023-01-17,MBP14,202
2023-01-18,MBP14,199
2023-01-19,MBP14,181
2023-01-20,MBP14,128
2023-01-21,MBP14,160
2023-01-22,MBP14,201
2023-01-23,MBP14,238
2023-01-24,MBP14,207
2023-01-25,MBP14,187
2023-01-26,MBP14,200
2023-01-27,MBP14,177
2023-01-28,MBP14,172
2023-01-29,MBP14,130
2023-01-30,MBP14,200
2023-01-31,MBP14,217
2023-02-01,MBP14,205
2023-02-02,MBP14,177
2023-02-03,MBP14,224
2023-02-04,MBP14,158
2023-02-05,MBP14,159
2023-02-06,MBP14,208
2023-02-07,MBP14,124
2023-02-08,MBP14,177
2023-02-09,MBP14,187
2023-02-10,MBP14,220
2023-02-11,MBP14,125
2023-02-12,MBP14,167
2023-02-13,MBP14,179
2023-02-14,MBP14,188
2023-02-15,MBP14,176
2023-02-16,MBP14,183
2023-02-17,MBP14,194
2023-02-18,MBP14,155
2023-02-19,MBP14,141
2023-02-20,MBP14,151
2023-02-21,MBP14,176
2023-02-22,MBP14,177
2023-02-23,MBP14,298
2023-02-24,MBP14,175
2023-02-25,MBP14,174
2023-02-26,MBP14,116
2023-02-27,MBP14,201
2023-02-28,MBP14,189
2023-03-01,MBP14,208
2023-03-02,MBP14,189
2023-03-03,MBP14,176
2023-03-04,MBP14,157
2023-03-05,MBP14,156
2023-03-06,MBP14,200
2023-03-07,MBP14,215
2023-03-08,MBP14,65
2023-03-09,MBP14,186
2023-03-10,MBP14,316
2023-03-11,MBP14,170
2023-03-12,MBP14,171
2023-03-13,MBP14,185
2023-03-14,MBP14,178
2023-03-15,MBP14,236
2023-03-16,MBP14,196
2023-03-17,MBP14,199
2023-03-18,MBP14,170
2023-03-19,MBP14,140
2023-03-20,MBP14,188
2023-03-21,MBP14,196
2023-03-22,MBP14,167
2023-03-23,MBP14,197
2023-03-24,MBP14,208
2023-03-25,MBP14,143
2023-03-26,MBP14,167
2023-03-27,MBP14,172
2023-03-28,MBP14,177
2023-03-29,MBP14,44
2023-03-30,MBP14,188
2023-03-31,MBP14,198
2023-04-01,MBP14,146
2023-04-02,MBP14,224
2023-04-03,MBP14,224
2023-04-04,MBP14,182
2023-04-05,MBP14,173
2023-04-06,MBP14,180
2023-04-07,MBP14,216
2023-04-08,MBP14,179
2023-04-09,MBP14,187
2023-04-10,MBP14,176
2023-04-11,MBP14,205
2023-04-12,MBP14,178
2023-04-13,MBP14,229
2023-04-14,MBP14,177
2023-04-15,MBP14,131
2023-04-16,MBP14,135
2023-04-17,MBP14,194
2023-04-18,MBP14,209
2023-04-19,MBP14,208
2023-04-20,MBP14,172
2023-04-21,MBP14,187
2023-04-22,MBP14,147
2023-04-23,MBP14,133
2023-04-24,MBP14,183
2023-04-25,MBP14,223
2023-04-26,MBP14,167
2023-04-27,MBP14,199
2023-04-28,MBP14,224
2023-04-29,MBP14,186
2023-04-30,MBP14,194
2023-05-01,MBP14,201
2023-05-02,MBP14,204
2023-05-03,MBP14,184
2023-05-04,MBP14,167
2023-05-05,MBP14,272
2023-05-06,MBP14,204
2023-05-07,MBP14,177
2023-05-08,MBP14,187
2023-05-09,MBP14,189
2023-05-10,MBP14,203
2023-05-11,MBP14,195
2023-05-12,MBP14,165
2023-05-13,MBP14,185
2023-05-14,MBP14,205
2023-05-15,MBP14,221
2023-05-16,MBP14,217
2023-05-17,MBP14,186
2023-05-18,MBP14,228
2023-05-19,MBP14,203
2023-05-20,MBP14,180
2023-05-21,MBP14,162
2023-05-22,MBP14,170
2023-05-23,MBP14,191
2023-05-24,MBP14,212
2023-05-25,MBP14,186
2023-05-26,MBP14,199
2023-05-27,MBP14,149
2023-05-28,MBP14,142
2023-05-29,MBP14,134
2023-05-30,MBP14,150
2023-05-31,MBP14,174
2023-06-01,MBP14,184
2023-06-02,MBP14,219
2023-06-03,MBP14,138
2023-06-04,MBP14,137
2023-06-05,MBP14,349
2023-06-06,MBP14,216
2023-06-07,MBP14,149
2023-06-08,MBP14,209
2023-06-09,MBP14,192
2023-06-10,MBP14,170
2023-06-11,MBP14,173
2023-06-12,MBP14,262
2023-06-13,MBP14,186
2023-06-14,MBP14,185
2023-06-15,MBP14,210
2023-06-16,MBP14,167
2023-06-17,MBP14,142
2023-06-18,MBP14,74
2023-06-19,MBP14,183
2023-06-20,MBP14,195
2023-06-21,MBP14,196
2023-06-22,MBP14,205
2023-06-23,MBP14,184
2023-06-24,MBP14,162
2023-06-25,MBP14,104
2023-06-26,MBP14,158
2023-06-27,MBP14,195
2023-06-28,MBP14,167
2023-06-29,MBP14,206
2023-06-30,MBP14,191
2023-07-01,MBP14,163
2023-07-02,MBP14,243
2023-07-03,MBP14,242
2023-07-04,MBP14,180
2023-07-05,MBP14,205
2023-07-06,MBP14,158
2023-07-07,MBP14,81
2023-07-08,MBP14,181
2023-07-09,MBP14,143
2023-07-10,MBP14,153
2023-07-11,MBP14,190
2023-07-12,MBP14,201
2023-07-13,MBP14,188
2023-07-14,MBP14,211
2023-07-15,MBP14,178
2023-07-16,MBP14,149
2023-07-17,MBP14,154
2023-07-18,MBP14,168
2023-07-19,MBP14,201
2023-07-20,MBP14,195
2023-07-21,MBP14,185
2023-07-22,MBP14,122
2023-07-23,MBP14,141
2023-07-24,MBP14,214
2023-07-25,MBP14,228
2023-07-26,MBP14,197
2023-07-27,MBP14,238
2023-07-28,MBP14,295
2023-07-29,MBP14,168
2023-07-30,MBP14,158
2023-07-31,MBP14,95
2023-08-01,MBP14,267
2023-08-02,MBP14,327
2023-08-03,MBP14,300
2023-08-04,MBP14,270
2023-08-05,MBP14,216
2023-08-06,MBP14,214
2023-08-07,MBP14,248
2023-08-08,MBP14,278
2023-08-09,MBP14,289
2023-08-10,MBP14,264
2023-08-11,MBP14,280
2023-08-12,MBP14,218
2023-08-13,MBP14,191
2023-08-14,MBP14,277
2023-08-15,MBP14,263
2023-08-16,MBP14,279
2023-08-17,MBP14,296
2023-08-18,MBP14,350
2023-08-19,MBP14,193
2023-08-20,MBP14,207
2023-08-21,MBP14,262
2023-08-22,MBP14,266
2023-08-23,MBP14,265
2023-08-24,MBP14,271
2023-08-25,MBP14,273
2023-08-26,MBP14,77
2023-08-27,MBP14,228
2023-08-28,MBP14,276
2023-08-29,MBP14,249
2023-08-30,MBP14,254
2023-08-31,MBP14,286
2023-09-01,MBP14,280
2023-09-02,MBP14,187
2023-09-03,MBP14,186
2023-09-04,MBP14,272
2023-09-05,MBP14,262
2023-09-06,MBP14,225
2023-09-07,MBP14,238
2023-09-08,MBP14,263
2023-09-09,MBP14,409
2023-09-10,MBP14,227
2023-09-11,MBP14,252
2023-09-12,MBP14,260
2023-09-13,MBP14,246
2023-09-14,MBP14,238
2023-09-15,MBP14,254
2023-09-16,MBP14,191
2023-09-17,MBP14,185
2023-09-18,MBP14,295
2023-09-19,MBP14,273
2023-09-20,MBP14,268
2023-09-21,MBP14,284
2023-09-22,MBP14,267
2023-09-23,MBP14,218
2023-09-24,MBP14,199
2023-09-25,MBP14,258
2023-09-26,MBP14,294
2023-09-27,MBP14,272
2023-09-28,MBP14,276
2023-09-29,MBP14,269
2023-09-30,MBP14,209
2023-10-01,MBP14,121
2023-10-02,MBP14,221
2023-10-03,MBP14,210
2023-10-04,MBP14,196
2023-10-05,MBP14,237
2023-10-06,MBP14,212
2023-10-07,MBP14,146
2023-10-08,MBP14,132
2023-10-09,MBP14,190
2023-10-10,MBP14,175
2023-10-11,MBP14,185
2023-10-12,MBP14,204
2023-10-13,MBP14,234
2023-10-14,MBP14,169
2023-10-15,MBP14,164
2023-10-16,MBP14,239
2023-10-17,MBP14,199
2023-10-18,MBP14,213
2023-10-19,MBP14,211
2023-10-20,MBP14,209
2023-10-21,MBP14,145
2023-10-22,MBP14,124
2023-10-23,MBP14,212
2023-10-24,MBP14,204
2023-10-25,MBP14,174
2023-10-26,MBP14,183
2023-10-27,MBP14,177
2023-10-28,MBP14,133
2023-10-29,MBP14,122
2023-10-30,MBP14,238
2023-10-31,MBP14,201
2023-11-01,MBP14,291
2023-11-02,MBP14,306
2023-11-03,MBP14,270
2023-11-04,MBP14,200
2023-11-05,MBP14,244
2023-11-06,MBP14,256
2023-11-07,MBP14,297
2023-11-08,MBP14,251
2023-11-09,MBP14,255
2023-11-10,MBP14,268
2023-11-11,MBP14,243
2023-11-12,MBP14,263
2023-11-13,MBP14,291
2023-11-14,MBP14,269
2023-11-15,MBP14,302
2023-11-16,MBP14,250
2023-11-17,MBP14,262
2023-11-18,MBP14,230
2023-11-19,MBP14,245
2023-11-20,MBP14,278
2023-11-21,MBP14,276
2023-11-22,MBP14,277
2023-11-23,MBP14,306
2023-11-24,MBP14,266
2023-11-25,MBP14,207
2023-11-26,MBP14,223
2023-11-27,MBP14,309
2023-11-28,MBP14,268
2023-11-29,MBP14,277
2023-11-30,MBP14,250
2023-12-01,MBP14,278
2023-12-02,MBP14,233
2023-12-03,MBP14,278
2023-12-04,MBP14,286
2023-12-05,MBP14,261
2023-12-06,MBP14,248
2023-12-07,MBP14,267
2023-12-08,MBP14,309
2023-12-09,MBP14,87
2023-12-10,MBP14,212
2023-12-11,MBP14,272
2023-12-12,MBP14,275
2023-12-13,MBP14,299
2023-12-14,MBP14,260
2023-12-15,MBP14,292
2023-12-16,MBP14,70
2023-12-17,MBP14,265
2023-12-18,MBP14,296
2023-12-19,MBP14,205
2023-12-20,MBP14,291
2023-12-21,MBP14,290
2023-12-22,MBP14,264
2023-12-23,MBP14,194
2023-12-24,MBP14,215
2023-12-25,MBP14,276
2023-12-26,MBP14,277
2023-12-27,MBP14,275
2023-12-28,MBP14,296
2023-12-29,MBP14,300
2023-12-30,MBP14,252
2023-12-31,MBP14,328
2024-01-01,MBP14,177
2024-01-02,MBP14,199
2024-01-03,MBP14,210
2024-01-04,MBP14,216
2024-01-05,MBP14,213
2024-01-06,MBP14,150
2024-01-07,MBP14,143
2024-01-08,MBP14,237
2024-01-09,MBP14,219
2024-01-10,MBP14,201
2024-01-11,MBP14,230
2024-01-12,MBP14,168
2024-01-13,MBP14,133
2024-01-14,MBP14,115
2024-01-15,MBP14,283
2024-01-16,MBP14,204
2024-01-17,MBP14,210
2024-01-18,MBP14,195
2024-01-19,MBP14,202
2024-01-20,MBP14,145
2024-01-21,MBP14,169
2024-01-22,MBP14,173
2024-01-23,MBP14,205
2024-01-24,MBP14,185
2024-01-25,MBP14,172
2024-01-26,MBP14,194
2024-01-27,MBP14,181
2024-01-28,MBP14,146
2024-01-29,MBP14,215
2024-01-30,MBP14,199
2024-01-31,MBP14,179
2024-02-01,MBP14,192
2024-02-02,MBP14,197
2024-02-03,MBP14,110
2024-02-04,MBP14,131
2024-02-05,MBP14,286
2024-02-06,MBP14,215
2024-02-07,MBP14,187
2024-02-08,MBP14,208
2024-02-09,MBP14,199
2024-02-10,MBP14,144
2024-02-11,MBP14,150
2024-02-12,MBP14,171
2024-02-13,MBP14,325
2024-02-14,MBP14,346
2024-02-15,MBP14,225
2024-02-16,MBP14,221
2024-02-17,MBP14,192
2024-02-18,MBP14,140
2024-02-19,MBP14,196
2024-02-20,MBP14,224
2024-02-21,MBP14,184
2024-02-22,MBP14,207
2024-02-23,MBP14,302
2024-02-24,MBP14,151
2024-02-25,MBP14,171
2024-02-26,MBP14,222
2024-02-27,MBP14,172
2024-02-28,MBP14,243
2024-02-29,MBP14,210
2024-03-01,MBP14,149
2024-03-02,MBP14,178
2024-03-03,MBP14,147
2024-03-04,MBP14,192
2024-03-05,MBP14,192
2024-03-06,MBP14,245
2024-03-07,MBP14,198
2024-03-08,MBP14,186
2024-03-09,MBP14,177
2024-03-10,MBP14,236
2024-03-11,MBP14,216
2024-03-12,MBP14,202
2024-03-13,MBP14,187
2024-03-14,MBP14,162
2024-03-15,MBP14,183
2024-03-16,MBP14,145
2024-03-17,MBP14,201
2024-03-18,MBP14,219
2024-03-19,MBP14,191
2024-03-20,MBP14,203
2024-03-21,MBP14,186
2024-03-22,MBP14,227
2024-03-23,MBP14,148
2024-03-24,MBP14,145
2024-03-25,MBP14,201
2024-03-26,MBP14,170
2024-03-27,MBP14,196
2024-03-28,MBP14,186
2024-03-29,MBP14,210
2024-03-30,MBP14,304
2024-03-31,MBP14,139
2024-04-01,MBP14,193
2024-04-02,MBP14,237
2024-04-03,MBP14,236
2024-04-04,MBP14,192
2024-04-05,MBP14,164
2024-04-06,MBP14,152
2024-04-07,MBP14,191
2024-04-08,MBP14,197
2024-04-09,MBP14,292
2024-04-10,MBP14,223
2024-04-11,MBP14,200
2024-04-12,MBP14,161
2024-04-13,MBP14,95
2024-04-14,MBP14,171
2024-04-15,MBP14,195
2024-04-16,MBP14,244
2024-04-17,MBP14,205
2024-04-18,MBP14,191
2024-04-19,MBP14,202
2024-04-20,MBP14,152
2024-04-21,MBP14,138
2024-04-22,MBP14,200
2024-04-23,MBP14,183
2024-04-24,MBP14,218
2024-04-25,MBP14,244
2024-04-26,MBP14,192
2024-04-27,MBP14,195
2024-04-28,MBP14,129
2024-04-29,MBP14,221
2024-04-30,MBP14,205
2024-05-01,MBP14,211
2024-05-02,MBP14,309
2024-05-03,MBP14,207
2024-05-04,MBP14,165
2024-05-05,MBP14,172
2024-05-06,MBP14,196
2024-05-07,MBP14,221
2024-05-08,MBP14,173
2024-05-09,MBP14,192
2024-05-10,MBP14,215
2024-05-11,MBP14,200
2024-05-12,MBP14,185
2024-05-13,MBP14,202
2024-05-14,MBP14,197
2024-05-15,MBP14,193
2024-05-16,MBP14,193
2024-05-17,MBP14,162
2024-05-18,MBP14,199
2024-05-19,MBP14,160
2024-05-20,MBP14,183
2024-05-21,MBP14,208
2024-05-22,MBP14,184
2024-05-23,MBP14,219
2024-05-24,MBP14,183
2024-05-25,MBP14,177
2024-05-26,MBP14,155
2024-05-27,MBP14,205
2024-05-28,MBP14,217
2024-05-29,MBP14,188
2024-05-30,MBP14,217
2024-05-31,MBP14,163
2024-06-01,MBP14,193
2024-06-02,MBP14,182
2024-06-03,MBP14,198
2024-06-04,MBP14,225
2024-06-05,MBP14,222
2024-06-06,MBP14,199
2024-06-07,MBP14,106
2024-06-08,MBP14,142
2024-06-09,MBP14,128
2024-06-10,MBP14,201
2024-06-11,MBP14,185
2024-06-12,MBP14,216
2024-06-13,MBP14,201
2024-06-14,MBP14,149
2024-06-15,MBP14,190
2024-06-16,MBP14,86
2024-06-17,MBP14,177
2024-06-18,MBP14,203
2024-06-19,MBP14,197
2024-06-20,MBP14,211
2024-06-21,MBP14,188
2024-06-22,MBP14,146
2024-06-23,MBP14,158
2024-06-24,MBP14,231
2024-06-25,MBP14,175
2024-06-26,MBP14,201
2024-06-27,MBP14,207
2024-06-28,MBP14,203
2024-06-29,MBP14,150
2024-06-30,MBP14,154
2024-07-01,MBP14,197
2024-07-02,MBP14,292
2024-07-03,MBP14,193
2024-07-04,MBP14,155
2024-07-05,MBP14,184
2024-07-06,MBP14,203
2024-07-07,MBP14,164
2024-07-08,MBP14,267
2024-07-09,MBP14,197
2024-07-10,MBP14,203
2024-07-11,MBP14,196
2024-07-12,MBP14,209
2024-07-13,MBP14,225
2024-07-14,MBP14,164
2024-07-15,MBP14,184
2024-07-16,MBP14,289
2024-07-17,MBP14,193
2024-07-18,MBP14,148
2024-07-19,MBP14,289
2024-07-20,MBP14,169
2024-07-21,MBP14,150
2024-07-22,MBP14,194
2024-07-23,MBP14,187
2024-07-24,MBP14,202
2024-07-25,MBP14,201
2024-07-26,MBP14,169
2024-07-27,MBP14,154
2024-07-28,MBP14,167
2024-07-29,MBP14,199
2024-07-30,MBP14,174
2024-07-31,MBP14,196
2024-08-01,MBP14,248
2024-08-02,MBP14,259
2024-08-03,MBP14,377
2024-08-04,MBP14,178
2024-08-05,MBP14,276
2024-08-06,MBP14,255
2024-08-07,MBP14,313
2024-08-08,MBP14,237
2024-08-09,MBP14,332
2024-08-10,MBP14,207
2024-08-11,MBP14,206
2024-08-12,MBP14,240
2024-08-13,MBP14,278
2024-08-14,MBP14,223
2024-08-15,MBP14,382
2024-08-16,MBP14,280
2024-08-17,MBP14,264
2024-08-18,MBP14,217
2024-08-19,MBP14,312
2024-08-20,MBP14,235
2024-08-21,MBP14,216
2024-08-22,MBP14,264
2024-08-23,MBP14,268
2024-08-24,MBP14,134
2024-08-25,MBP14,205
2024-08-26,MBP14,279
2024-08-27,MBP14,285
2024-08-28,MBP14,269
2024-08-29,MBP14,296
2024-08-30,MBP14,243
2024-08-31,MBP14,226
2024-09-01,MBP14,202
2024-09-02,MBP14,276
2024-09-03,MBP14,272
2024-09-04,MBP14,253
2024-09-05,MBP14,267
2024-09-06,MBP14,118
2024-09-07,MBP14,195
2024-09-08,MBP14,94
2024-09-09,MBP14,479
2024-09-10,MBP14,250
2024-09-11,MBP14,265
2024-09-12,MBP14,268
2024-09-13,MBP14,247
2024-09-14,MBP14,237
2024-09-15,MBP14,178
2024-09-16,MBP14,302
2024-09-17,MBP14,278
2024-09-18,MBP14,245
2024-09-19,MBP14,286
2024-09-20,MBP14,259
2024-09-21,MBP14,199
2024-09-22,MBP14,207
2024-09-23,MBP14,284
2024-09-24,MBP14,249
2024-09-25,MBP14,222
2024-09-26,MBP14,259
2024-09-27,MBP14,297
2024-09-28,MBP14,245
2024-09-29,MBP14,324
2024-09-30,MBP14,258
2024-10-01,MBP14,184
2024-10-02,MBP14,180
2024-10-03,MBP14,171
2024-10-04,MBP14,227
2024-10-05,MBP14,179
2024-10-06,MBP14,135
2024-10-07,MBP14,165
2024-10-08,MBP14,191
2024-10-09,MBP14,170
2024-10-10,MBP14,190
2024-10-11,MBP14,216
2024-10-12,MBP14,157
2024-10-13,MBP14,186
2024-10-14,MBP14,192
2024-10-15,MBP14,347
2024-10-16,MBP14,189
2024-10-17,MBP14,199
2024-10-18,MBP14,228
2024-10-19,MBP14,119
2024-10-20,MBP14,148
2024-10-21,MBP14,145
2024-10-22,MBP14,198
2024-10-23,MBP14,203
2024-10-24,MBP14,210
2024-10-25,MBP14,165
2024-10-26,MBP14,140
2024-10-27,MBP14,154
2024-10-28,MBP14,211
2024-10-29,MBP14,204
2024-10-30,MBP14,177
2024-10-31,MBP14,222
2024-11-01,MBP14,256
2024-11-02,MBP14,241
2024-11-03,MBP14,216
2024-11-04,MBP14,307
2024-11-05,MBP14,276
2024-11-06,MBP14,353
2024-11-07,MBP14,297
2024-11-08,MBP14,320
2024-11-09,MBP14,274
2024-11-10,MBP14,228
2024-11-11,MBP14,286
2024-11-12,MBP14,317
2024-11-13,MBP14,291
2024-11-14,MBP14,267
2024-11-15,MBP14,253
2024-11-16,MBP14,83
2024-11-17,MBP14,339
2024-11-18,MBP14,306
2024-11-19,MBP14,279
2024-11-20,MBP14,328
2024-11-21,MBP14,269
2024-11-22,MBP14,262
2024-11-23,MBP14,230
2024-11-24,MBP14,248
2024-11-25,MBP14,308
2024-11-26,MBP14,291
2024-11-27,MBP14,330
2024-11-28,MBP14,288
2024-11-29,MBP14,282
2024-11-30,MBP14,241
2024-12-01,MBP14,209
2024-12-02,MBP14,312
2024-12-03,MBP14,423
2024-12-04,MBP14,334
2024-12-05,MBP14,299
2024-12-06,MBP14,273
2024-12-07,MBP14,236
2024-12-08,MBP14,247
2024-12-09,MBP14,108
2024-12-10,MBP14,311
2024-12-11,MBP14,264
2024-12-12,MBP14,284
2024-12-13,MBP14,304
2024-12-14,MBP14,203
2024-12-15,MBP14,260
2024-12-16,MBP14,259
2024-12-17,MBP14,278
2024-12-18,MBP14,314
2024-12-19,MBP14,286
2024-12-20,MBP14,293
2024-12-21,MBP14,277
2024-12-22,MBP14,255
2024-12-23,MBP14,288
2024-12-24,MBP14,128
2024-12-25,MBP14,435
2024-12-26,MBP14,400
2024-12-27,MBP14,294
2024-12-28,MBP14,200
2024-12-29,MBP14,226
2024-12-30,MBP14,260
2024-12-31,MBP14,292
2025-01-01,MBP14,224
2025-01-02,MBP14,224
2025-01-03,MBP14,377
2025-01-04,MBP14,159
2025-01-05,MBP14,118
2025-01-06,MBP14,206
2025-01-07,MBP14,222
2025-01-08,MBP14,214
2025-01-09,MBP14,228
2025-01-10,MBP14,209
2025-01-11,MBP14,200
2025-01-12,MBP14,177
2025-01-13,MBP14,256
2025-01-14,MBP14,219
2025-01-15,MBP14,222
2025-01-16,MBP14,224
2025-01-17,MBP14,199
2025-01-18,MBP14,178
2025-01-19,MBP14,149
2025-01-20,MBP14,244
2025-01-21,MBP14,222
2025-01-22,MBP14,306
2025-01-23,MBP14,239
2025-01-24,MBP14,213
2025-01-25,MBP14,165
2025-01-26,MBP14,160
2025-01-27,MBP14,212
2025-01-28,MBP14,205
2025-01-29,MBP14,202
2025-01-30,MBP14,187
2025-01-31,MBP14,280
2025-02-01,MBP14,169
2025-02-02,MBP14,182
2025-02-03,MBP14,211
2025-02-04,MBP14,210
2025-02-05,MBP14,190
2025-02-06,MBP14,199
2025-02-07,MBP14,166
2025-02-08,MBP14,148
2025-02-09,MBP14,190
2025-02-10,MBP14,190
2025-02-11,MBP14,214
2025-02-12,MBP14,188
2025-02-13,MBP14,225
2025-02-14,MBP14,216
2025-02-15,MBP14,140
2025-02-16,MBP14,187
2025-02-17,MBP14,233
2025-02-18,MBP14,188
2025-02-19,MBP14,201
2025-02-20,MBP14,184
2025-02-21,MBP14,224
2025-02-22,MBP14,167
2025-02-23,MBP14,167
2025-02-24,MBP14,160
2025-02-25,MBP14,299
2025-02-26,MBP14,174
2025-02-27,MBP14,212
2025-02-28,MBP14,253
2025-03-01,MBP14,58
2025-03-02,MBP14,182
2025-03-03,MBP14,295
2025-03-04,MBP14,174
2025-03-05,MBP14,198
2025-03-06,MBP14,164
2025-03-07,MBP14,225
2025-03-08,MBP14,159
2025-03-09,MBP14,204
2025-03-10,MBP14,221
2025-03-11,MBP14,164
2025-03-12,MBP14,177
2025-03-13,MBP14,197
2025-03-14,MBP14,254
2025-03-15,MBP14,146
2025-03-16,MBP14,171
2025-03-17,MBP14,229
2025-03-18,MBP14,234
2025-03-19,MBP14,203
2025-03-20,MBP14,255
2025-03-21,MBP14,206
2025-03-22,MBP14,152
2025-03-23,MBP14,187
2025-03-24,MBP14,175
2025-03-25,MBP14,196
2025-03-26,MBP14,194
2025-03-27,MBP14,283
2025-03-28,MBP14,208
2025-03-29,MBP14,188
2025-03-30,MBP14,264
2025-03-31,MBP14,180
2025-04-01,MBP14,227
2025-04-02,MBP14,209
2025-04-03,MBP14,196
2025-04-04,MBP14,178
2025-04-05,MBP14,167
2025-04-06,MBP14,141
2025-04-07,MBP14,232
2025-04-08,MBP14,205
2025-04-09,MBP14,217
2025-04-10,MBP14,199
2025-04-11,MBP14,358
2025-04-12,MBP14,153
2025-04-13,MBP14,157
2025-04-14,MBP14,234
2025-04-15,MBP14,297
2025-04-16,MBP14,155
2025-04-17,MBP14,190
2025-04-18,MBP14,214
2025-04-19,MBP14,196
2025-04-20,MBP14,187
2025-04-21,MBP14,193
2025-04-22,MBP14,217
2025-04-23,MBP14,169
2025-04-24,MBP14,228
2025-04-25,MBP14,263
2025-04-26,MBP14,173
2025-04-27,MBP14,197
2025-04-28,MBP14,177
2025-04-29,MBP14,184
2025-04-30,MBP14,199
2025-05-01,MBP14,203
2025-05-02,MBP14,213
2025-05-03,MBP14,154
2025-05-04,MBP14,170
2025-05-05,MBP14,227
2025-05-06,MBP14,339
2025-05-07,MBP14,189
2025-05-08,MBP14,198
2025-05-09,MBP14,204
2025-05-10,MBP14,77
2025-05-11,MBP14,141
2025-05-12,MBP14,207
2025-05-13,MBP14,226
2025-05-14,MBP14,228
2025-05-15,MBP14,184
2025-05-16,MBP14,221
2025-05-17,MBP14,162
2025-05-18,MBP14,198
2025-05-19,MBP14,180
2025-05-20,MBP14,221
2025-05-21,MBP14,199
2025-05-22,MBP14,193
2025-05-23,MBP14,227
2025-05-24,MBP14,191
2025-05-25,MBP14,125
2025-05-26,MBP14,227
2025-05-27,MBP14,205
2025-05-28,MBP14,207
2025-05-29,MBP14,179
2025-05-30,MBP14,219
2025-05-31,MBP14,217
2025-06-01,MBP14,155
2025-06-02,MBP14,233
2025-06-03,MBP14,206
2025-06-04,MBP14,195
2025-06-05,MBP14,175
2025-06-06,MBP14,236
2025-06-07,MBP14,169
2025-06-08,MBP14,157
2025-06-09,MBP14,200
2025-06-10,MBP14,221
2025-06-11,MBP14,117
2025-06-12,MBP14,197
2025-06-13,MBP14,245
2025-06-14,MBP14,188
2025-06-15,MBP14,180
2025-06-16,MBP14,204
2025-06-17,MBP14,172
2025-06-18,MBP14,206
2025-06-19,MBP14,199
2025-06-20,MBP14,169
2025-06-21,MBP14,208
2025-06-22,MBP14,186
2025-06-23,MBP14,217
2025-06-24,MBP14,167
2025-06-25,MBP14,232
2025-06-26,MBP14,198
2025-06-27,MBP14,196
2025-06-28,MBP14,175
2025-06-29,MBP14,170
2025-06-30,MBP14,116
2025-07-01,MBP14,176
2025-07-02,MBP14,250
2025-07-03,MBP14,73
2025-07-04,MBP14,179
2025-07-05,MBP14,176
2025-07-06,MBP14,167
2025-07-07,MBP14,120
2025-07-08,MBP14,172
2025-07-09,MBP14,192
2025-07-10,MBP14,209
2025-07-11,MBP14,178
2025-07-12,MBP14,174
2025-07-13,MBP14,200
2025-07-14,MBP14,222
2025-07-15,MBP14,79
2025-07-16,MBP14,197
2025-07-17,MBP14,210
2025-07-18,MBP14,167
2025-07-19,MBP14,174
2025-07-20,MBP14,139
2025-07-21,MBP14,331
2025-07-22,MBP14,201
2025-07-23,MBP14,218
2025-07-24,MBP14,218
2025-07-25,MBP14,187
2025-07-26,MBP14,162
2025-07-27,MBP14,145
2025-07-28,MBP14,195
2025-07-29,MBP14,203
2025-07-30,MBP14,217
2025-07-31,MBP14,195
2025-08-01,MBP14,299
2025-08-02,MBP14,195
2025-08-03,MBP14,216
2025-08-04,MBP14,265
2025-08-05,MBP14,298
2025-08-06,MBP14,271
2025-08-07,MBP14,267
2025-08-08,MBP14,251
2025-08-09,MBP14,238
2025-08-10,MBP14,189
2025-08-11,MBP14,292
2025-08-12,MBP14,275
2025-08-13,MBP14,266
2025-08-14,MBP14,270
2025-08-15,MBP14,271
2025-08-16,MBP14,319
2025-08-17,MBP14,228
2025-08-18,MBP14,227
2025-08-19,MBP14,301
2025-08-20,MBP14,258
2025-08-21,MBP14,293
2025-08-22,MBP14,234
2025-08-23,MBP14,240
2025-08-24,MBP14,279
2025-08-25,MBP14,287
2025-08-26,MBP14,307
2025-08-27,MBP14,299
2025-08-28,MBP14,292
2025-08-29,MBP14,427
2025-08-30,MBP14,251
2025-08-31,MBP14,201
2025-09-01,MBP14,292
2025-09-02,MBP14,251
2025-09-03,MBP14,317
2025-09-04,MBP14,279
2025-09-05,MBP14,283
2025-09-06,MBP14,367
2025-09-07,MBP14,315
2025-09-08,MBP14,306
2025-09-09,MBP14,244
2025-09-10,MBP14,291
2025-09-11,MBP14,333
2025-09-12,MBP14,333
2025-09-13,MBP14,109
2025-09-14,MBP14,244
2025-09-15,MBP14,241
2025-09-16,MBP14,289
2025-09-17,MBP14,278
2025-09-18,MBP14,291
2025-09-19,MBP14,264
2025-09-20,MBP14,220
2025-09-21,MBP14,227
2025-09-22,MBP14,297
2025-09-23,MBP14,349
2025-09-24,MBP14,267
2025-09-25,MBP14,256
2025-09-26,MBP14,356
2025-09-27,MBP14,221
2025-09-28,MBP14,241
2025-09-29,MBP14,269
2025-09-30,MBP14,254
2025-10-01,MBP14,206
2025-10-02,MBP14,191
2025-10-03,MBP14,204
2025-10-04,MBP14,203
2025-10-05,MBP14,162
2025-10-06,MBP14,237
2025-10-07,MBP14,199
2025-10-08,MBP14,141
2025-10-09,MBP14,182
2025-10-10,MBP14,178
2025-10-11,MBP14,172
2025-10-12,MBP14,263
2025-10-13,MBP14,219
2025-10-14,MBP14,209
2025-10-15,MBP14,231
2025-10-16,MBP14,211
2025-10-17,MBP14,167
2025-10-18,MBP14,161
2025-10-19,MBP14,172
2025-10-20,MBP14,240
2025-10-21,MBP14,208
2025-10-22,MBP14,187
2025-10-23,MBP14,212
2025-10-24,MBP14,238
2025-10-25,MBP14,153
2025-10-26,MBP14,156
2025-10-27,MBP14,193
2025-10-28,MBP14,178
2025-10-29,MBP14,207
2025-10-30,MBP14,82
2025-10-31,MBP14,169
2025-11-01,MBP14,246
2025-11-02,MBP14,225
2025-11-03,MBP14,319
2025-11-04,MBP14,314
2025-11-05,MBP14,323
2025-11-06,MBP14,295
2025-11-07,MBP14,302
2025-11-08,MBP14,257
2025-11-09,MBP14,243
2025-11-10,MBP14,264
2025-11-11,MBP14,422
2025-11-12,MBP14,296
2025-11-13,MBP14,286
2025-11-14,MBP14,308
2025-11-15,MBP14,233
2025-11-16,MBP14,88
2025-11-17,MBP14,293
2025-11-18,MBP14,291
2025-11-19,MBP14,436
2025-11-20,MBP14,264
2025-11-21,MBP14,280
2025-11-22,MBP14,227
2025-11-23,MBP14,254
2025-11-24,MBP14,278
2025-11-25,MBP14,304
2025-11-26,MBP14,291
2025-11-27,MBP14,287
2025-11-28,MBP14,338
2025-11-29,MBP14,214
2025-11-30,MBP14,275
2025-12-01,MBP14,119
2025-12-02,MBP14,285
2025-12-03,MBP14,353
2025-12-04,MBP14,303
2025-12-05,MBP14,272
2025-12-06,MBP14,237
2025-12-07,MBP14,247
2025-12-08,MBP14,284
2025-12-09,MBP14,319
2025-12-10,MBP14,315
2025-12-11,MBP14,285
2025-12-12,MBP14,287
2025-12-13,MBP14,257
2025-12-14,MBP14,144
2025-12-15,MBP14,272
2025-12-16,MBP14,303
2025-12-17,MBP14,95
2025-12-18,MBP14,278
2025-12-19,MBP14,294
2025-12-20,MBP14,252
2025-12-21,MBP14,263
2025-12-22,MBP14,323
2025-12-23,MBP14,324
2025-12-24,MBP14,296
2025-12-25,MBP14,293
2025-12-26,MBP14,392
2025-12-27,MBP14,257
2025-12-28,MBP14,265
2025-12-29,MBP14,300
2025-12-30,MBP14,291
2025-12-31,MBP14,281
2023-01-01,MBP16,91
2023-01-02,MBP16,122
2023-01-03,MBP16,132
2023-01-04,MBP16,105
2023-01-05,MBP16,141
2023-01-06,MBP16,101
2023-01-07,MBP16,76
2023-01-08,MBP16,100
2023-01-09,MBP16,110
2023-01-10,MBP16,113
2023-01-11,MBP16,122
2023-01-12,MBP16,114
2023-01-13,MBP16,124
2023-01-14,MBP16,96
2023-01-15,MBP16,110
2023-01-16,MBP16,117
2023-01-17,MBP16,131
2023-01-18,MBP16,99
2023-01-19,MBP16,108
2023-01-20,MBP16,122
2023-01-21,MBP16,90
2023-01-22,MBP16,95
2023-01-23,MBP16,117
2023-01-24,MBP16,116
2023-01-25,MBP16,99
2023-01-26,MBP16,120
2023-01-27,MBP16,140
2023-01-28,MBP16,96
2023-01-29,MBP16,96
2023-01-30,MBP16,142
2023-01-31,MBP16,152
2023-02-01,MBP16,106
2023-02-02,MBP16,143
2023-02-03,MBP16,117
2023-02-04,MBP16,81
2023-02-05,MBP16,106
2023-02-06,MBP16,102
2023-02-07,MBP16,116
2023-02-08,MBP16,114
2023-02-09,MBP16,119
2023-02-10,MBP16,150
2023-02-11,MBP16,105
2023-02-12,MBP16,91
2023-02-13,MBP16,149
2023-02-14,MBP16,128
2023-02-15,MBP16,126
2023-02-16,MBP16,126
2023-02-17,MBP16,134
2023-02-18,MBP16,101
2023-02-19,MBP16,100
2023-02-20,MBP16,96
2023-02-21,MBP16,122
2023-02-22,MBP16,113
2023-02-23,MBP16,100
2023-02-24,MBP16,113
2023-02-25,MBP16,119
2023-02-26,MBP16,66
2023-02-27,MBP16,117
2023-02-28,MBP16,192
2023-03-01,MBP16,145
2023-03-02,MBP16,143
2023-03-03,MBP16,129
2023-03-04,MBP16,88
2023-03-05,MBP16,77
2023-03-06,MBP16,119
2023-03-07,MBP16,125
2023-03-08,MBP16,109
2023-03-09,MBP16,124
2023-03-10,MBP16,103
2023-03-11,MBP16,89
2023-03-12,MBP16,93
2023-03-13,MBP16,144
2023-03-14,MBP16,157
2023-03-15,MBP16,125
2023-03-16,MBP16,120
2023-03-17,MBP16,129
2023-03-18,MBP16,98
2023-03-19,MBP16,86
2023-03-20,MBP16,107
2023-03-21,MBP16,109
2023-03-22,MBP16,119
2023-03-23,MBP16,132
2023-03-24,MBP16,102
2023-03-25,MBP16,97
2023-03-26,MBP16,112
2023-03-27,MBP16,93
2023-03-28,MBP16,118
2023-03-29,MBP16,132
2023-03-30,MBP16,115
2023-03-31,MBP16,111
2023-04-01,MBP16,81
2023-04-02,MBP16,85
2023-04-03,MBP16,130
2023-04-04,MBP16,118
2023-04-05,MBP16,122
2023-04-06,MBP16,141
2023-04-07,MBP16,139
2023-04-08,MBP16,97
2023-04-09,MBP16,87
2023-04-10,MBP16,122
2023-04-11,MBP16,108
2023-04-12,MBP16,114
2023-04-13,MBP16,126
2023-04-14,MBP16,114
2023-04-15,MBP16,96
2023-04-16,MBP16,104
2023-04-17,MBP16,127
2023-04-18,MBP16,112
2023-04-19,MBP16,110
2023-04-20,MBP16,127
2023-04-21,MBP16,43
2023-04-22,MBP16,87
2023-04-23,MBP16,112
2023-04-24,MBP16,133
2023-04-25,MBP16,102
2023-04-26,MBP16,142
2023-04-27,MBP16,119
2023-04-28,MBP16,125
2023-04-29,MBP16,87
2023-04-30,MBP16,97
2023-05-01,MBP16,104
2023-05-02,MBP16,109
2023-05-03,MBP16,66
2023-05-04,MBP16,115
2023-05-05,MBP16,179
2023-05-06,MBP16,91
2023-05-07,MBP16,79
2023-05-08,MBP16,136
2023-05-09,MBP16,132
2023-05-10,MBP16,95
2023-05-11,MBP16,44
2023-05-12,MBP16,132
2023-05-13,MBP16,79
2023-05-14,MBP16,85
2023-05-15,MBP16,102
2023-05-16,MBP16,186
2023-05-17,MBP16,119
2023-05-18,MBP16,134
2023-05-19,MBP16,122
2023-05-20,MBP16,99
2023-05-21,MBP16,163
2023-05-22,MBP16,113
2023-05-23,MBP16,119
2023-05-24,MBP16,115
2023-05-25,MBP16,114
2023-05-26,MBP16,120
2023-05-27,MBP16,128
2023-05-28,MBP16,87
2023-05-29,MBP16,142
2023-05-30,MBP16,128
2023-05-31,MBP16,116
2023-06-01,MBP16,104
2023-06-02,MBP16,99
2023-06-03,MBP16,90
2023-06-04,MBP16,95
2023-06-05,MBP16,134
2023-06-06,MBP16,131
2023-06-07,MBP16,115
2023-06-08,MBP16,50
2023-06-09,MBP16,129
2023-06-10,MBP16,73
2023-06-11,MBP16,106
2023-06-12,MBP16,116
2023-06-13,MBP16,140
2023-06-14,MBP16,137
2023-06-15,MBP16,123
2023-06-16,MBP16,119
2023-06-17,MBP16,92
2023-06-18,MBP16,102
2023-06-19,MBP16,136
2023-06-20,MBP16,120
2023-06-21,MBP16,112
2023-06-22,MBP16,119
2023-06-23,MBP16,123
2023-06-24,MBP16,81
2023-06-25,MBP16,78
2023-06-26,MBP16,112
2023-06-27,MBP16,140
2023-06-28,MBP16,135
2023-06-29,MBP16,98
2023-06-30,MBP16,107
2023-07-01,MBP16,106
2023-07-02,MBP16,91
2023-07-03,MBP16,125
2023-07-04,MBP16,99
2023-07-05,MBP16,119
2023-07-06,MBP16,118
2023-07-07,MBP16,132
2023-07-08,MBP16,102
2023-07-09,MBP16,98
2023-07-10,MBP16,141
2023-07-11,MBP16,132
2023-07-12,MBP16,142
2023-07-13,MBP16,98
2023-07-14,MBP16,128
2023-07-15,MBP16,71
2023-07-16,MBP16,104
2023-07-17,MBP16,134
2023-07-18,MBP16,109
2023-07-19,MBP16,116
2023-07-20,MBP16,119
2023-07-21,MBP16,99
2023-07-22,MBP16,103
2023-07-23,MBP16,72
2023-07-24,MBP16,116
2023-07-25,MBP16,142
2023-07-26,MBP16,122
2023-07-27,MBP16,102
2023-07-28,MBP16,105
2023-07-29,MBP16,74
2023-07-30,MBP16,104
2023-07-31,MBP16,102
2023-08-01,MBP16,172
2023-08-02,MBP16,163
2023-08-03,MBP16,135
2023-08-04,MBP16,136
2023-08-05,MBP16,118
2023-08-06,MBP16,128
2023-08-07,MBP16,177
2023-08-08,MBP16,167
2023-08-09,MBP16,170
2023-08-10,MBP16,222
2023-08-11,MBP16,139
2023-08-12,MBP16,130
2023-08-13,MBP16,138
2023-08-14,MBP16,160
2023-08-15,MBP16,158
2023-08-16,MBP16,155
2023-08-17,MBP16,167
2023-08-18,MBP16,154
2023-08-19,MBP16,148
2023-08-20,MBP16,175
2023-08-21,MBP16,138
2023-08-22,MBP16,154
2023-08-23,MBP16,181
2023-08-24,MBP16,172
2023-08-25,MBP16,170
2023-08-26,MBP16,122
2023-08-27,MBP16,115
2023-08-28,MBP16,150
2023-08-29,MBP16,176
2023-08-30,MBP16,145
2023-08-31,MBP16,187
2023-09-01,MBP16,162
2023-09-02,MBP16,155
2023-09-03,MBP16,146
2023-09-04,MBP16,136
2023-09-05,MBP16,151
2023-09-06,MBP16,166
2023-09-07,MBP16,153
2023-09-08,MBP16,169
2023-09-09,MBP16,163
2023-09-10,MBP16,153
2023-09-11,MBP16,112
2023-09-12,MBP16,153
2023-09-13,MBP16,160
2023-09-14,MBP16,174
2023-09-15,MBP16,167
2023-09-16,MBP16,129
2023-09-17,MBP16,132
2023-09-18,MBP16,161
2023-09-19,MBP16,138
2023-09-20,MBP16,163
2023-09-21,MBP16,144
2023-09-22,MBP16,176
2023-09-23,MBP16,113
2023-09-24,MBP16,125
2023-09-25,MBP16,153
2023-09-26,MBP16,181
2023-09-27,MBP16,175
2023-09-28,MBP16,131
2023-09-29,MBP16,160
2023-09-30,MBP16,115
2023-10-01,MBP16,98
2023-10-02,MBP16,128
2023-10-03,MBP16,122
2023-10-04,MBP16,129
2023-10-05,MBP16,116
2023-10-06,MBP16,123
2023-10-07,MBP16,139
2023-10-08,MBP16,90
2023-10-09,MBP16,111
2023-10-10,MBP16,110
2023-10-11,MBP16,119
2023-10-12,MBP16,118
2023-10-13,MBP16,135
2023-10-14,MBP16,110
2023-10-15,MBP16,102
2023-10-16,MBP16,124
2023-10-17,MBP16,120
2023-10-18,MBP16,122
2023-10-19,MBP16,147
2023-10-20,MBP16,103
2023-10-21,MBP16,96
2023-10-22,MBP16,86
2023-10-23,MBP16,130
2023-10-24,MBP16,121
2023-10-25,MBP16,115
2023-10-26,MBP16,118
2023-10-27,MBP16,130
2023-10-28,MBP16,128
2023-10-29,MBP16,94
2023-10-30,MBP16,128
2023-10-31,MBP16,117
2023-11-01,MBP16,195
2023-11-02,MBP16,195
2023-11-03,MBP16,224
2023-11-04,MBP16,166
2023-11-05,MBP16,139
2023-11-06,MBP16,187
2023-11-07,MBP16,186
2023-11-08,MBP16,134
2023-11-09,MBP16,164
2023-11-10,MBP16,174
2023-11-11,MBP16,134
2023-11-12,MBP16,130
2023-11-13,MBP16,187
2023-11-14,MBP16,166
2023-11-15,MBP16,177
2023-11-16,MBP16,186
2023-11-17,MBP16,266
2023-11-18,MBP16,130
2023-11-19,MBP16,134
2023-11-20,MBP16,200
2023-11-21,MBP16,176
2023-11-22,MBP16,156
2023-11-23,MBP16,211
2023-11-24,MBP16,181
2023-11-25,MBP16,138
2023-11-26,MBP16,146
2023-11-27,MBP16,182
2023-11-28,MBP16,154
2023-11-29,MBP16,166
2023-11-30,MBP16,204
2023-12-01,MBP16,191
2023-12-02,MBP16,143
2023-12-03,MBP16,144
2023-12-04,MBP16,172
2023-12-05,MBP16,150
2023-12-06,MBP16,165
2023-12-07,MBP16,178
2023-12-08,MBP16,167
2023-12-09,MBP16,126
2023-12-10,MBP16,128
2023-12-11,MBP16,191
2023-12-12,MBP16,166
2023-12-13,MBP16,188
2023-12-14,MBP16,177
2023-12-15,MBP16,169
2023-12-16,MBP16,130
2023-12-17,MBP16,148
2023-12-18,MBP16,186
2023-12-19,MBP16,183
2023-12-20,MBP16,156
2023-12-21,MBP16,65
2023-12-22,MBP16,199
2023-12-23,MBP16,134
2023-12-24,MBP16,145
2023-12-25,MBP16,184
2023-12-26,MBP16,184
2023-12-27,MBP16,168
2023-12-28,MBP16,180
2023-12-29,MBP16,179
2023-12-30,MBP16,142
2023-12-31,MBP16,166
2024-01-01,MBP16,114
2024-01-02,MBP16,111
2024-01-03,MBP16,130
2024-01-04,MBP16,130
2024-01-05,MBP16,133
2024-01-06,MBP16,85
2024-01-07,MBP16,108
2024-01-08,MBP16,100
2024-01-09,MBP16,119
2024-01-10,MBP16,100
2024-01-11,MBP16,146
2024-01-12,MBP16,141
2024-01-13,MBP16,93
2024-01-14,MBP16,99
2024-01-15,MBP16,99
2024-01-16,MBP16,130
2024-01-17,MBP16,125
2024-01-18,MBP16,102
2024-01-19,MBP16,129
2024-01-20,MBP16,87
2024-01-21,MBP16,89
2024-01-22,MBP16,122
2024-01-23,MBP16,146
2024-01-24,MBP16,159
2024-01-25,MBP16,99
2024-01-26,MBP16,142
2024-01-27,MBP16,109
2024-01-28,MBP16,93
2024-01-29,MBP16,116
2024-01-30,MBP16,129
2024-01-31,MBP16,108
2024-02-01,MBP16,109
2024-02-02,MBP16,114
2024-02-03,MBP16,129
2024-02-04,MBP16,86
2024-02-05,MBP16,138
2024-02-06,MBP16,109
2024-02-07,MBP16,127
2024-02-08,MBP16,113
2024-02-09,MBP16,104
2024-02-10,MBP16,177
2024-02-11,MBP16,84
2024-02-12,MBP16,93
2024-02-13,MBP16,125
2024-02-14,MBP16,119
2024-02-15,MBP16,126
2024-02-16,MBP16,115
2024-02-17,MBP16,95
2024-02-18,MBP16,115
2024-02-19,MBP16,129
2024-02-20,MBP16,119
2024-02-21,MBP16,158
2024-02-22,MBP16,129
2024-02-23,MBP16,108
2024-02-24,MBP16,106
2024-02-25,MBP16,98
2024-02-26,MBP16,128
2024-02-27,MBP16,144
2024-02-28,MBP16,111
2024-02-29,MBP16,121
2024-03-01,MBP16,125
2024-03-02,MBP16,83
2024-03-03,MBP16,111
2024-03-04,MBP16,142
2024-03-05,MBP16,126
2024-03-06,MBP16,146
2024-03-07,MBP16,130
2024-03-08,MBP16,124
2024-03-09,MBP16,112
2024-03-10,MBP16,57
2024-03-11,MBP16,136
2024-03-12,MBP16,117
2024-03-13,MBP16,206
2024-03-14,MBP16,131
2024-03-15,MBP16,105
2024-03-16,MBP16,82
2024-03-17,MBP16,99
2024-03-18,MBP16,116
2024-03-19,MBP16,141
2024-03-20,MBP16,140
2024-03-21,MBP16,148
2024-03-22,MBP16,123
2024-03-23,MBP16,102
2024-03-24,MBP16,93
2024-03-25,MBP16,138
2024-03-26,MBP16,102
2024-03-27,MBP16,118
2024-03-28,MBP16,138
2024-03-29,MBP16,121
2024-03-30,MBP16,92
2024-03-31,MBP16,90
2024-04-01,MBP16,111
2024-04-02,MBP16,116
2024-04-03,MBP16,129
2024-04-04,MBP16,123
2024-04-05,MBP16,142
2024-04-06,MBP16,79
2024-04-07,MBP16,91
2024-04-08,MBP16,106
2024-04-09,MBP16,173
2024-04-10,MBP16,138
2024-04-11,MBP16,131
2024-04-12,MBP16,131
2024-04-13,MBP16,88
2024-04-14,MBP16,104
2024-04-15,MBP16,125
2024-04-16,MBP16,112
2024-04-17,MBP16,121
2024-04-18,MBP16,102
2024-04-19,MBP16,109
2024-04-20,MBP16,97
2024-04-21,MBP16,92
2024-04-22,MBP16,126
2024-04-23,MBP16,113
2024-04-24,MBP16,117
2024-04-25,MBP16,122
2024-04-26,MBP16,112
2024-04-27,MBP16,94
2024-04-28,MBP16,101
2024-04-29,MBP16,142
2024-04-30,MBP16,112
2024-05-01,MBP16,116
2024-05-02,MBP16,158
2024-05-03,MBP16,134
2024-05-04,MBP16,114
2024-05-05,MBP16,106
2024-05-06,MBP16,187
2024-05-07,MBP16,111
2024-05-08,MBP16,119
2024-05-09,MBP16,142
2024-05-10,MBP16,118
2024-05-11,MBP16,84
2024-05-12,MBP16,99
2024-05-13,MBP16,112
2024-05-14,MBP16,125
2024-05-15,MBP16,140
2024-05-16,MBP16,111
2024-05-17,MBP16,102
2024-05-18,MBP16,72
2024-05-19,MBP16,84
2024-05-20,MBP16,102
2024-05-21,MBP16,126
2024-05-22,MBP16,130
2024-05-23,MBP16,131
2024-05-24,MBP16,115
2024-05-25,MBP16,163
2024-05-26,MBP16,109
2024-05-27,MBP16,96
2024-05-28,MBP16,111
2024-05-29,MBP16,113
2024-05-30,MBP16,113
2024-05-31,MBP16,111
2024-06-01,MBP16,96
2024-06-02,MBP16,119
2024-06-03,MBP16,116
2024-06-04,MBP16,130
2024-06-05,MBP16,128
2024-06-06,MBP16,115
2024-06-07,MBP16,131
2024-06-08,MBP16,165
2024-06-09,MBP16,84
2024-06-10,MBP16,134
2024-06-11,MBP16,120
2024-06-12,MBP16,130
2024-06-13,MBP16,113
2024-06-14,MBP16,132
2024-06-15,MBP16,109
2024-06-16,MBP16,59
2024-06-17,MBP16,119
2024-06-18,MBP16,127
2024-06-19,MBP16,113
2024-06-20,MBP16,138
2024-06-21,MBP16,120
2024-06-22,MBP16,50
2024-06-23,MBP16,79
2024-06-24,MBP16,140
2024-06-25,MBP16,123
2024-06-26,MBP16,132
2024-06-27,MBP16,169
2024-06-28,MBP16,103
2024-06-29,MBP16,135
2024-06-30,MBP16,106
2024-07-01,MBP16,132
2024-07-02,MBP16,121
2024-07-03,MBP16,128
2024-07-04,MBP16,112
2024-07-05,MBP16,61
2024-07-06,MBP16,117
2024-07-07,MBP16,92
2024-07-08,MBP16,132
2024-07-09,MBP16,133
2024-07-10,MBP16,144
2024-07-11,MBP16,140
2024-07-12,MBP16,104
2024-07-13,MBP16,99
2024-07-14,MBP16,80
2024-07-15,MBP16,143
2024-07-16,MBP16,125
2024-07-17,MBP16,133
2024-07-18,MBP16,110
2024-07-19,MBP16,114
2024-07-20,MBP16,104
2024-07-21,MBP16,115
2024-07-22,MBP16,99
2024-07-23,MBP16,137
2024-07-24,MBP16,125
2024-07-25,MBP16,97
2024-07-26,MBP16,132
2024-07-27,MBP16,109
2024-07-28,MBP16,100
2024-07-29,MBP16,115
2024-07-30,MBP16,111
2024-07-31,MBP16,128
2024-08-01,MBP16,148
2024-08-02,MBP16,184
2024-08-03,MBP16,123
2024-08-04,MBP16,108
2024-08-05,MBP16,178
2024-08-06,MBP16,175
2024-08-07,MBP16,169
2024-08-08,MBP16,179
2024-08-09,MBP16,152
2024-08-10,MBP16,147
2024-08-11,MBP16,146
2024-08-12,MBP16,232
2024-08-13,MBP16,172
2024-08-14,MBP16,168
2024-08-15,MBP16,150
2024-08-16,MBP16,174
2024-08-17,MBP16,130
2024-08-18,MBP16,143
2024-08-19,MBP16,164
2024-08-20,MBP16,164
2024-08-21,MBP16,159
2024-08-22,MBP16,186
2024-08-23,MBP16,185
2024-08-24,MBP16,125
2024-08-25,MBP16,129
2024-08-26,MBP16,170
2024-08-27,MBP16,172
2024-08-28,MBP16,152
2024-08-29,MBP16,154
2024-08-30,MBP16,128
2024-08-31,MBP16,141
2024-09-01,MBP16,115
2024-09-02,MBP16,157
2024-09-03,MBP16,177
2024-09-04,MBP16,176
2024-09-05,MBP16,185
2024-09-06,MBP16,190
2024-09-07,MBP16,171
2024-09-08,MBP16,129
2024-09-09,MBP16,158
2024-09-10,MBP16,100
2024-09-11,MBP16,164
2024-09-12,MBP16,156
2024-09-13,MBP16,147
2024-09-14,MBP16,151
2024-09-15,MBP16,109
2024-09-16,MBP16,268
2024-09-17,MBP16,140
2024-09-18,MBP16,158
2024-09-19,MBP16,148
2024-09-20,MBP16,159
2024-09-21,MBP16,139
2024-09-22,MBP16,118
2024-09-23,MBP16,166
2024-09-24,MBP16,162
2024-09-25,MBP16,170
2024-09-26,MBP16,173
2024-09-27,MBP16,221
2024-09-28,MBP16,134
2024-09-29,MBP16,195
2024-09-30,MBP16,240
2024-10-01,MBP16,126
2024-10-02,MBP16,211
2024-10-03,MBP16,106
2024-10-04,MBP16,139
2024-10-05,MBP16,87
2024-10-06,MBP16,101
2024-10-07,MBP16,127
2024-10-08,MBP16,103
2024-10-09,MBP16,120
2024-10-10,MBP16,140
2024-10-11,MBP16,93
2024-10-12,MBP16,131
2024-10-13,MBP16,73
2024-10-14,MBP16,186
2024-10-15,MBP16,115
2024-10-16,MBP16,117
2024-10-17,MBP16,123
2024-10-18,MBP16,144
2024-10-19,MBP16,106
2024-10-20,MBP16,44
2024-10-21,MBP16,119
2024-10-22,MBP16,50
2024-10-23,MBP16,148
2024-10-24,MBP16,196
2024-10-25,MBP16,114
2024-10-26,MBP16,121
2024-10-27,MBP16,92
2024-10-28,MBP16,116
2024-10-29,MBP16,117
2024-10-30,MBP16,137
2024-10-31,MBP16,55
2024-11-01,MBP16,69
2024-11-02,MBP16,131
2024-11-03,MBP16,153
2024-11-04,MBP16,165
2024-11-05,MBP16,258
2024-11-06,MBP16,165
2024-11-07,MBP16,177
2024-11-08,MBP16,167
2024-11-09,MBP16,202
2024-11-10,MBP16,148
2024-11-11,MBP16,185
2024-11-12,MBP16,193
2024-11-13,MBP16,177
2024-11-14,MBP16,219
2024-11-15,MBP16,207
2024-11-16,MBP16,155
2024-11-17,MBP16,244
2024-11-18,MBP16,175
2024-11-19,MBP16,187
2024-11-20,MBP16,179
2024-11-21,MBP16,197
2024-11-22,MBP16,174
2024-11-23,MBP16,149
2024-11-24,MBP16,139
2024-11-25,MBP16,195
2024-11-26,MBP16,206
2024-11-27,MBP16,190
2024-11-28,MBP16,154
2024-11-29,MBP16,165
2024-11-30,MBP16,129
2024-12-01,MBP16,145
2024-12-02,MBP16,172
2024-12-03,MBP16,197
2024-12-04,MBP16,173
2024-12-05,MBP16,204
2024-12-06,MBP16,176
2024-12-07,MBP16,173
2024-12-08,MBP16,141
2024-12-09,MBP16,175
2024-12-10,MBP16,190
2024-12-11,MBP16,188
2024-12-12,MBP16,160
2024-12-13,MBP16,179
2024-12-14,MBP16,138
2024-12-15,MBP16,137
2024-12-16,MBP16,71
2024-12-17,MBP16,174
2024-12-18,MBP16,189
2024-12-19,MBP16,180
2024-12-20,MBP16,183
2024-12-21,MBP16,118
2024-12-22,MBP16,168
2024-12-23,MBP16,183
2024-12-24,MBP16,179
2024-12-25,MBP16,155
2024-12-26,MBP16,196
2024-12-27,MBP16,176
2024-12-28,MBP16,157
2024-12-29,MBP16,137
2024-12-30,MBP16,176
2024-12-31,MBP16,158
2025-01-01,MBP16,199
2025-01-02,MBP16,124
2025-01-03,MBP16,141
2025-01-04,MBP16,117
2025-01-05,MBP16,70
2025-01-06,MBP16,117
2025-01-07,MBP16,36
2025-01-08,MBP16,100
2025-01-09,MBP16,157
2025-01-10,MBP16,121
2025-01-11,MBP16,76
2025-01-12,MBP16,82
2025-01-13,MBP16,124
2025-01-14,MBP16,114
2025-01-15,MBP16,177
2025-01-16,MBP16,111
2025-01-17,MBP16,131
2025-01-18,MBP16,102
2025-01-19,MBP16,114
2025-01-20,MBP16,113
2025-01-21,MBP16,47
2025-01-22,MBP16,134
2025-01-23,MBP16,127
2025-01-24,MBP16,123
2025-01-25,MBP16,112
2025-01-26,MBP16,89
2025-01-27,MBP16,119
2025-01-28,MBP16,106
2025-01-29,MBP16,131
2025-01-30,MBP16,135
2025-01-31,MBP16,114
2025-02-01,MBP16,109
2025-02-02,MBP16,78
2025-02-03,MBP16,113
2025-02-04,MBP16,111
2025-02-05,MBP16,129
2025-02-06,MBP16,119
2025-02-07,MBP16,89
2025-02-08,MBP16,137
2025-02-09,MBP16,96
2025-02-10,MBP16,123
2025-02-11,MBP16,143
2025-02-12,MBP16,115
2025-02-13,MBP16,123
2025-02-14,MBP16,141
2025-02-15,MBP16,96
2025-02-16,MBP16,80
2025-02-17,MBP16,143
2025-02-18,MBP16,127
2025-02-19,MBP16,126
2025-02-20,MBP16,144
2025-02-21,MBP16,127
2025-02-22,MBP16,89
2025-02-23,MBP16,113
2025-02-24,MBP16,68
2025-02-25,MBP16,122
2025-02-26,MBP16,127
2025-02-27,MBP16,139
2025-02-28,MBP16,155
2025-03-01,MBP16,103
2025-03-02,MBP16,95
2025-03-03,MBP16,115
2025-03-04,MBP16,134
2025-03-05,MBP16,105
2025-03-06,MBP16,134
2025-03-07,MBP16,134
2025-03-08,MBP16,95
2025-03-09,MBP16,105
2025-03-10,MBP16,123
2025-03-11,MBP16,108
2025-03-12,MBP16,133
2025-03-13,MBP16,132
2025-03-14,MBP16,120
2025-03-15,MBP16,131
2025-03-16,MBP16,102
2025-03-17,MBP16,101
2025-03-18,MBP16,140
2025-03-19,MBP16,52
2025-03-20,MBP16,116
2025-03-21,MBP16,146
2025-03-22,MBP16,80
2025-03-23,MBP16,143
2025-03-24,MBP16,98
2025-03-25,MBP16,135
2025-03-26,MBP16,111
2025-03-27,MBP16,101
2025-03-28,MBP16,160
2025-03-29,MBP16,113
2025-03-30,MBP16,107
2025-03-31,MBP16,117
2025-04-01,MBP16,126
2025-04-02,MBP16,117
2025-04-03,MBP16,140
2025-04-04,MBP16,211
2025-04-05,MBP16,82
2025-04-06,MBP16,159
2025-04-07,MBP16,130
2025-04-08,MBP16,113
2025-04-09,MBP16,137
2025-04-10,MBP16,206
2025-04-11,MBP16,139
2025-04-12,MBP16,94
2025-04-13,MBP16,126
2025-04-14,MBP16,127
2025-04-15,MBP16,101
2025-04-16,MBP16,134
2025-04-17,MBP16,157
2025-04-18,MBP16,124
2025-04-19,MBP16,106
2025-04-20,MBP16,126
2025-04-21,MBP16,100
2025-04-22,MBP16,106
2025-04-23,MBP16,128
2025-04-24,MBP16,118
2025-04-25,MBP16,128
2025-04-26,MBP16,91
2025-04-27,MBP16,121
2025-04-28,MBP16,135
2025-04-29,MBP16,133
2025-04-30,MBP16,124
2025-05-01,MBP16,123
2025-05-02,MBP16,110
2025-05-03,MBP16,122
2025-05-04,MBP16,109
2025-05-05,MBP16,40
2025-05-06,MBP16,137
2025-05-07,MBP16,187
2025-05-08,MBP16,123
2025-05-09,MBP16,136
2025-05-10,MBP16,100
2025-05-11,MBP16,96
2025-05-12,MBP16,137
2025-05-13,MBP16,54
2025-05-14,MBP16,142
2025-05-15,MBP16,100
2025-05-16,MBP16,130
2025-05-17,MBP16,97
2025-05-18,MBP16,106
2025-05-19,MBP16,106
2025-05-20,MBP16,119
2025-05-21,MBP16,155
2025-05-22,MBP16,139
2025-05-23,MBP16,118
2025-05-24,MBP16,94
2025-05-25,MBP16,84
2025-05-26,MBP16,120
2025-05-27,MBP16,133
2025-05-28,MBP16,131
2025-05-29,MBP16,121
2025-05-30,MBP16,114
2025-05-31,MBP16,99
2025-06-01,MBP16,99
2025-06-02,MBP16,137
2025-06-03,MBP16,129
2025-06-04,MBP16,127
2025-06-05,MBP16,142
2025-06-06,MBP16,147
2025-06-07,MBP16,107
2025-06-08,MBP16,107
2025-06-09,MBP16,124
2025-06-10,MBP16,115
2025-06-11,MBP16,138
2025-06-12,MBP16,135
2025-06-13,MBP16,125
2025-06-14,MBP16,105
2025-06-15,MBP16,117
2025-06-16,MBP16,144
2025-06-17,MBP16,95
2025-06-18,MBP16,118
2025-06-19,MBP16,125
2025-06-20,MBP16,154
2025-06-21,MBP16,105
2025-06-22,MBP16,93
2025-06-23,MBP16,180
2025-06-24,MBP16,130
2025-06-25,MBP16,138
2025-06-26,MBP16,134
2025-06-27,MBP16,125
2025-06-28,MBP16,78
2025-06-29,MBP16,95
2025-06-30,MBP16,117
2025-07-01,MBP16,136
2025-07-02,MBP16,128
2025-07-03,MBP16,128
2025-07-04,MBP16,115
2025-07-05,MBP16,120
2025-07-06,MBP16,104
2025-07-07,MBP16,115
2025-07-08,MBP16,116
2025-07-09,MBP16,130
2025-07-10,MBP16,157
2025-07-11,MBP16,118
2025-07-12,MBP16,103
2025-07-13,MBP16,81
2025-07-14,MBP16,104
2025-07-15,MBP16,108
2025-07-16,MBP16,107
2025-07-17,MBP16,144
2025-07-18,MBP16,105
2025-07-19,MBP16,119
2025-07-20,MBP16,82
2025-07-21,MBP16,125
2025-07-22,MBP16,117
2025-07-23,MBP16,135
2025-07-24,MBP16,139
2025-07-25,MBP16,129
2025-07-26,MBP16,101
2025-07-27,MBP16,98
2025-07-28,MBP16,113
2025-07-29,MBP16,132
2025-07-30,MBP16,116
2025-07-31,MBP16,202
2025-08-01,MBP16,157
2025-08-02,MBP16,147
2025-08-03,MBP16,114
2025-08-04,MBP16,184
2025-08-05,MBP16,195
2025-08-06,MBP16,166
2025-08-07,MBP16,184
2025-08-08,MBP16,159
2025-08-09,MBP16,138
2025-08-10,MBP16,145
2025-08-11,MBP16,164
2025-08-12,MBP16,262
2025-08-13,MBP16,185
2025-08-14,MBP16,162
2025-08-15,MBP16,168
2025-08-16,MBP16,135
2025-08-17,MBP16,154
2025-08-18,MBP16,161
2025-08-19,MBP16,167
2025-08-20,MBP16,163
2025-08-21,MBP16,193
2025-08-22,MBP16,185
2025-08-23,MBP16,144
2025-08-24,MBP16,149
2025-08-25,MBP16,157
2025-08-26,MBP16,178
2025-08-27,MBP16,175
2025-08-28,MBP16,253
2025-08-29,MBP16,171
2025-08-30,MBP16,153
2025-08-31,MBP16,120
2025-09-01,MBP16,160
2025-09-02,MBP16,182
2025-09-03,MBP16,172
2025-09-04,MBP16,169
2025-09-05,MBP16,185
2025-09-06,MBP16,150
2025-09-07,MBP16,140
2025-09-08,MBP16,139
2025-09-09,MBP16,170
2025-09-10,MBP16,176
2025-09-11,MBP16,147
2025-09-12,MBP16,175
2025-09-13,MBP16,154
2025-09-14,MBP16,138
2025-09-15,MBP16,157
2025-09-16,MBP16,140
2025-09-17,MBP16,176
2025-09-18,MBP16,149
2025-09-19,MBP16,178
2025-09-20,MBP16,162
2025-09-21,MBP16,109
2025-09-22,MBP16,161
2025-09-23,MBP16,167
2025-09-24,MBP16,196
2025-09-25,MBP16,172
2025-09-26,MBP16,164
2025-09-27,MBP16,151
2025-09-28,MBP16,133
2025-09-29,MBP16,160
2025-09-30,MBP16,178
2025-10-01,MBP16,141
2025-10-02,MBP16,93
2025-10-03,MBP16,116
2025-10-04,MBP16,105
2025-10-05,MBP16,100
2025-10-06,MBP16,126
2025-10-07,MBP16,113
2025-10-08,MBP16,135
2025-10-09,MBP16,224
2025-10-10,MBP16,133
2025-10-11,MBP16,96
2025-10-12,MBP16,86
2025-10-13,MBP16,119
2025-10-14,MBP16,127
2025-10-15,MBP16,123
2025-10-16,MBP16,111
2025-10-17,MBP16,109
2025-10-18,MBP16,92
2025-10-19,MBP16,111
2025-10-20,MBP16,122
2025-10-21,MBP16,140
2025-10-22,MBP16,120
2025-10-23,MBP16,137
2025-10-24,MBP16,136
2025-10-25,MBP16,98
2025-10-26,MBP16,126
2025-10-27,MBP16,138
2025-10-28,MBP16,142
2025-10-29,MBP16,137
2025-10-30,MBP16,122
2025-10-31,MBP16,148
2025-11-01,MBP16,161
2025-11-02,MBP16,151
2025-11-03,MBP16,198
2025-11-04,MBP16,199
2025-11-05,MBP16,197
2025-11-06,MBP16,182
2025-11-07,MBP16,169
2025-11-08,MBP16,159
2025-11-09,MBP16,151
2025-11-10,MBP16,169
2025-11-11,MBP16,185
2025-11-12,MBP16,189
2025-11-13,MBP16,185
2025-11-14,MBP16,153
2025-11-15,MBP16,155
2025-11-16,MBP16,143
2025-11-17,MBP16,180
2025-11-18,MBP16,191
2025-11-19,MBP16,144
2025-11-20,MBP16,167
2025-11-21,MBP16,275
2025-11-22,MBP16,208
2025-11-23,MBP16,159
2025-11-24,MBP16,191
2025-11-25,MBP16,186
2025-11-26,MBP16,181
2025-11-27,MBP16,189
2025-11-28,MBP16,185
2025-11-29,MBP16,129
2025-11-30,MBP16,168
2025-12-01,MBP16,80
2025-12-02,MBP16,190
2025-12-03,MBP16,195
2025-12-04,MBP16,193
2025-12-05,MBP16,184
2025-12-06,MBP16,120
2025-12-07,MBP16,201
2025-12-08,MBP16,192
2025-12-09,MBP16,162
2025-12-10,MBP16,174
2025-12-11,MBP16,202
2025-12-12,MBP16,163
2025-12-13,MBP16,150
2025-12-14,MBP16,159
2025-12-15,MBP16,181
2025-12-16,MBP16,179
2025-12-17,MBP16,194
2025-12-18,MBP16,72
2025-12-19,MBP16,187
2025-12-20,MBP16,154
2025-12-21,MBP16,150
2025-12-22,MBP16,180
2025-12-23,MBP16,199
2025-12-24,MBP16,287
2025-12-25,MBP16,196
2025-12-26,MBP16,185
2025-12-27,MBP16,143
2025-12-28,MBP16,168
2025-12-29,MBP16,306
2025-12-30,MBP16,164
2025-12-31,MBP16,168
